Product_id,name,color,size,price,description,Shop_id,Product_Type_id
PRODUCT_988,Abietenella Moss,Fuscia,medium,13,Abietenella Moss Fuscia medium  $13,SHOP_1,TYPE_5
PRODUCT_212,Longleaf Groundcherry,Khaki,medium,14,Longleaf Groundcherry Khaki medium  $14,SHOP_1,TYPE_5
PRODUCT_533,Alpine Waterleaf,Goldenrod,medium,10,Alpine Waterleaf Goldenrod medium  $10,SHOP_10,TYPE_21
PRODUCT_294,Low Woollygrass,Teal,small,5,Low Woollygrass Teal small  $5,SHOP_10,TYPE_21
PRODUCT_320,Brachythecium Moss,Fuscia,large,9,Brachythecium Moss Fuscia large  $9,SHOP_100,TYPE_98
PRODUCT_129,Orange Lily,Turquoise,large,11,Orange Lily Turquoise large  $11,SHOP_100,TYPE_98
PRODUCT_113,Orange Milkwort,Violet,medium,13,Orange Milkwort Violet medium  $13,SHOP_101,TYPE_115
PRODUCT_100,Brake Fern,Teal,large,6,Brake Fern Teal large  $6,SHOP_101,TYPE_115
PRODUCT_563,Bramble Acacia,Green,small,15,Bramble Acacia Green small  $15,SHOP_102,TYPE_89
PRODUCT_360,Orchardgrass,Mauv,small,16,Orchardgrass Mauv small  $16,SHOP_102,TYPE_89
PRODUCT_619,Branching Phacelia,Violet,large,8,Branching Phacelia Violet large  $8,SHOP_103,TYPE_20
PRODUCT_534,Oriental False Hawksbeard,Indigo,medium,14,Oriental False Hawksbeard Indigo medium  $14,SHOP_103,TYPE_20
PRODUCT_86,Braunia Moss,Green,medium,6,Braunia Moss Green medium  $6,SHOP_104,TYPE_31
PRODUCT_38,Oriental Vessel Fern,Fuscia,large,12,Oriental Vessel Fern Fuscia large  $12,SHOP_104,TYPE_31
PRODUCT_26,Braunia Moss,Violet,large,11,Braunia Moss Violet large  $11,SHOP_105,TYPE_77
PRODUCT_225,Oxeye Daisy,Purple,large,5,Oxeye Daisy Purple large  $5,SHOP_105,TYPE_115
PRODUCT_84,Brazilian Red-cloak,Green,small,12,Brazilian Red-cloak Green small  $12,SHOP_106,TYPE_53
PRODUCT_428,Pacific Aster,Purple,small,6,Pacific Aster Purple small  $6,SHOP_106,TYPE_14
PRODUCT_790,Brazilian Vervain,Pink,small,13,Brazilian Vervain Pink small  $13,SHOP_107,TYPE_108
PRODUCT_234,Pacific Bleeding Heart,Maroon,small,13,Pacific Bleeding Heart Maroon small  $13,SHOP_107,TYPE_105
PRODUCT_610,Pacific Dewberry,Fuscia,small,7,Pacific Dewberry Fuscia small  $7,SHOP_108,TYPE_59
PRODUCT_378,Bristlefruit Hedgeparsley,Fuscia,large,10,Bristlefruit Hedgeparsley Fuscia large  $10,SHOP_108,TYPE_70
PRODUCT_312,Bristleseed Sandspurry,Mauv,large,9,Bristleseed Sandspurry Mauv large  $9,SHOP_109,TYPE_18
PRODUCT_154,Pacific Pea,Teal,large,9,Pacific Pea Teal large  $9,SHOP_109,TYPE_70
PRODUCT_383,Luquillo Mountain Hempvine,Aquamarine,large,10,Luquillo Mountain Hempvine Aquamarine large  $10,SHOP_11,TYPE_64
PRODUCT_288,Alyssumleaf Phlox,Blue,medium,8,Alyssumleaf Phlox Blue medium  $8,SHOP_11,TYPE_46
PRODUCT_509,Pacific Pea,Violet,medium,9,Pacific Pea Violet medium  $9,SHOP_110,TYPE_48
PRODUCT_340,Bristly Fiddleneck,Khaki,medium,8,Bristly Fiddleneck Khaki medium  $8,SHOP_110,TYPE_111
PRODUCT_374,Pacific Silverweed,Aquamarine,small,10,Pacific Silverweed Aquamarine small  $10,SHOP_111,TYPE_74
PRODUCT_139,Bristlystem Checkerbloom,Crimson,small,12,Bristlystem Checkerbloom Crimson small  $12,SHOP_111,TYPE_87
PRODUCT_957,British Soldier Lichen,Crimson,small,8,British Soldier Lichen Crimson small  $8,SHOP_112,TYPE_47
PRODUCT_390,Palamocladium Moss,Turquoise,small,12,Palamocladium Moss Turquoise small  $12,SHOP_112,TYPE_56
PRODUCT_961,Palespike Lobelia,Maroon,medium,8,Palespike Lobelia Maroon medium  $8,SHOP_113,TYPE_42
PRODUCT_79,Broadleaf Maidenhair,Khaki,small,12,Broadleaf Maidenhair Khaki small  $12,SHOP_113,TYPE_109
PRODUCT_749,Pallas' Buttercup,Maroon,medium,11,Pallas' Buttercup Maroon medium  $11,SHOP_114,TYPE_30
PRODUCT_151,Broadlipped Twayblade,Violet,medium,7,Broadlipped Twayblade Violet medium  $7,SHOP_114,TYPE_73
PRODUCT_816,Broom,Goldenrod,large,11,Broom Goldenrod large  $11,SHOP_115,TYPE_79
PRODUCT_384,Palmer's Cornsalad,Green,small,13,Palmer's Cornsalad Green small  $13,SHOP_115,TYPE_63
PRODUCT_732,Broomsedge Bluestem,Yellow,large,11,Broomsedge Bluestem Yellow large  $11,SHOP_116,TYPE_48
PRODUCT_373,Pampas Grass,Fuscia,medium,5,Pampas Grass Fuscia medium  $5,SHOP_116,TYPE_75
PRODUCT_982,Panamint Beardtongue,Mauv,medium,9,Panamint Beardtongue Mauv medium  $9,SHOP_117,TYPE_19
PRODUCT_146,Brownish Sedge,Orange,small,8,Brownish Sedge Orange small  $8,SHOP_117,TYPE_79
PRODUCT_848,Paperbark Maple,Teal,large,4,Paperbark Maple Teal large  $4,SHOP_118,TYPE_44
PRODUCT_702,Buckbean,Puce,large,5,Buckbean Puce large  $5,SHOP_118,TYPE_81
PRODUCT_531,Papillaria Moss,Teal,medium,10,Papillaria Moss Teal medium  $10,SHOP_119,TYPE_23
PRODUCT_511,Buckleya,Mauv,medium,10,Buckleya Mauv medium  $10,SHOP_119,TYPE_45
PRODUCT_604,Lyngbye's Sedge,Crimson,large,10,Lyngbye's Sedge Crimson large  $10,SHOP_12,TYPE_66
PRODUCT_542,Amazonlily,Aquamarine,large,8,Amazonlily Aquamarine large  $8,SHOP_12,TYPE_11
PRODUCT_907,Bull Withe,Turquoise,large,12,Bull Withe Turquoise large  $12,SHOP_120,TYPE_102
PRODUCT_865,Papyrus,Yellow,medium,9,Papyrus Yellow medium  $9,SHOP_120,TYPE_25
PRODUCT_291,Bulrush,Puce,large,12,Bulrush Puce large  $12,SHOP_121,TYPE_42
PRODUCT_283,Parmotrema Lichen,Khaki,large,10,Parmotrema Lichen Khaki large  $10,SHOP_121,TYPE_51
PRODUCT_773,Bulrush,Violet,small,8,Bulrush Violet small  $8,SHOP_122,TYPE_3
PRODUCT_184,Parry's Pussypaws,Orange,medium,8,Parry's Pussypaws Orange medium  $8,SHOP_122,TYPE_37
PRODUCT_874,Bush Oak,Orange,small,11,Bush Oak Orange small  $11,SHOP_123,TYPE_15
PRODUCT_110,Payson's Milkvetch,Crimson,small,6,Payson's Milkvetch Crimson small  $6,SHOP_123,TYPE_118
PRODUCT_893,Bush's Purple Coneflower,Indigo,medium,8,Bush's Purple Coneflower Indigo medium  $8,SHOP_124,TYPE_118
PRODUCT_709,Payson's Sedge,Indigo,medium,14,Payson's Sedge Indigo medium  $14,SHOP_124,TYPE_74
PRODUCT_431,Bush's Umbrella-sedge,Yellow,large,7,Bush's Umbrella-sedge Yellow large  $7,SHOP_125,TYPE_10
PRODUCT_203,Pennsylvania Cinquefoil,Green,large,11,Pennsylvania Cinquefoil Green large  $11,SHOP_125,TYPE_15
PRODUCT_612,Peperomia,Khaki,large,11,Peperomia Khaki large  $11,SHOP_126,TYPE_57
PRODUCT_418,Bushy Bluestem,Blue,large,13,Bushy Bluestem Blue large  $13,SHOP_126,TYPE_25
PRODUCT_81,Perennial Horsegram,Blue,medium,10,Perennial Horsegram Blue medium  $10,SHOP_127,TYPE_86
PRODUCT_136,Bushy Frostweed,Green,medium,7,Bushy Frostweed Green medium  $7,SHOP_127,TYPE_90
PRODUCT_468,Perennial Ryegrass,Indigo,large,5,Perennial Ryegrass Indigo large  $5,SHOP_128,TYPE_94
PRODUCT_21,Butterwick's Starviolet,Goldenrod,small,9,Butterwick's Starviolet Goldenrod small  $9,SHOP_128,TYPE_8
PRODUCT_304,Cacao,Violet,medium,9,Cacao Violet medium  $9,SHOP_129,TYPE_27
PRODUCT_224,Peruvian Muhly,Indigo,large,10,Peruvian Muhly Indigo large  $10,SHOP_129,TYPE_116
PRODUCT_645,Lyreleaf Bladderpod,Yellow,large,7,Lyreleaf Bladderpod Yellow large  $7,SHOP_13,TYPE_21
PRODUCT_130,American Alpine Speedwell,Orange,large,14,American Alpine Speedwell Orange large  $14,SHOP_13,TYPE_96
PRODUCT_282,Cajeput,Teal,large,7,Cajeput Teal large  $7,SHOP_130,TYPE_52
PRODUCT_20,Philippine Pigeonwings,Khaki,large,11,Philippine Pigeonwings Khaki large  $11,SHOP_130,TYPE_19
PRODUCT_830,Pichi Pichi,Indigo,small,7,Pichi Pichi Indigo small  $7,SHOP_131,TYPE_63
PRODUCT_127,Calamondin,Indigo,large,8,Calamondin Indigo large  $8,SHOP_131,TYPE_100
PRODUCT_231,Calico Monkeyflower,Orange,medium,12,Calico Monkeyflower Orange medium  $12,SHOP_132,TYPE_108
PRODUCT_182,Piedmont Meadow-rue,Aquamarine,large,12,Piedmont Meadow-rue Aquamarine large  $12,SHOP_132,TYPE_39
PRODUCT_984,Pigmy Cypress-pine,Crimson,medium,11,Pigmy Cypress-pine Crimson medium  $11,SHOP_133,TYPE_17
PRODUCT_760,California Amaranth,Khaki,medium,7,California Amaranth Khaki medium  $7,SHOP_133,TYPE_17
PRODUCT_843,Pin Cherry,Green,small,12,Pin Cherry Green small  $12,SHOP_134,TYPE_49
PRODUCT_420,California False Hellebore,Violet,medium,8,California False Hellebore Violet medium  $8,SHOP_134,TYPE_22
PRODUCT_311,Pinaleno Mountain Rubberweed,Turquoise,small,6,Pinaleno Mountain Rubberweed Turquoise small  $6,SHOP_135,TYPE_19
PRODUCT_259,California Fiddleleaf,Purple,medium,9,California Fiddleleaf Purple medium  $9,SHOP_135,TYPE_78
PRODUCT_401,Pine Dropseed,Pink,large,15,Pine Dropseed Pink large  $15,SHOP_136,TYPE_43
PRODUCT_101,California Indian Potato,Turquoise,large,9,California Indian Potato Turquoise large  $9,SHOP_136,TYPE_69
PRODUCT_891,Pine Hill Flannelbush,Crimson,small,7,Pine Hill Flannelbush Crimson small  $7,SHOP_137,TYPE_120
PRODUCT_734,California Maidenhair,Blue,large,10,California Maidenhair Blue large  $10,SHOP_137,TYPE_46
PRODUCT_537,Pineland Fanpetals,Blue,medium,8,Pineland Fanpetals Blue medium  $8,SHOP_138,TYPE_17
PRODUCT_372,California Orcutt Grass,Orange,small,12,California Orcutt Grass Orange small  $12,SHOP_138,TYPE_76
PRODUCT_847,Pineland Heliotrope,Teal,small,11,Pineland Heliotrope Teal small  $11,SHOP_139,TYPE_45
PRODUCT_402,California Poppy,Blue,large,11,California Poppy Blue large  $11,SHOP_139,TYPE_42
PRODUCT_789,Macoun's Pore Lichen,Red,large,14,Macoun's Pore Lichen Red large  $14,SHOP_14,TYPE_110
PRODUCT_587,American Alumroot,Aquamarine,large,13,American Alumroot Aquamarine large  $13,SHOP_14,TYPE_86
PRODUCT_630,Pineland Silkgrass,Crimson,large,8,Pineland Silkgrass Crimson large  $8,SHOP_140,TYPE_37
PRODUCT_524,California Scleropodium Moss,Pink,small,6,California Scleropodium Moss Pink small  $6,SHOP_140,TYPE_31
PRODUCT_485,Pinewoods Lousewort,Purple,small,17,Pinewoods Lousewort Purple small  $17,SHOP_141,TYPE_75
PRODUCT_471,California Valerian,Red,small,10,California Valerian Red small  $10,SHOP_141,TYPE_90
PRODUCT_974,California Wild Hollyhock,Fuscia,medium,4,California Wild Hollyhock Fuscia medium  $4,SHOP_142,TYPE_28
PRODUCT_762,Pingue Rubberweed,Indigo,large,12,Pingue Rubberweed Indigo large  $12,SHOP_142,TYPE_15
PRODUCT_926,Pinyon Groundsmoke,Maroon,small,10,Pinyon Groundsmoke Maroon small  $10,SHOP_143,TYPE_81
PRODUCT_128,Callingcard Vine,Crimson,medium,16,Callingcard Vine Crimson medium  $16,SHOP_143,TYPE_99
PRODUCT_658,Piper Mistletoe,Khaki,medium,12,Piper Mistletoe Khaki medium  $12,SHOP_144,TYPE_7
PRODUCT_427,Camptotheca,Khaki,medium,8,Camptotheca Khaki medium  $8,SHOP_144,TYPE_15
PRODUCT_744,Canada Germander,Yellow,small,9,Canada Germander Yellow small  $9,SHOP_145,TYPE_35
PRODUCT_501,Pipsissewa,Purple,small,7,Pipsissewa Purple small  $7,SHOP_145,TYPE_56
PRODUCT_97,Pitcherplant,Mauv,medium,1,Pitcherplant Mauv medium  $1,SHOP_146,TYPE_33
PRODUCT_121,Canadian Blacksnakeroot,Fuscia,small,7,Canadian Blacksnakeroot Fuscia small  $7,SHOP_146,TYPE_106
PRODUCT_994,Canadian Hawkweed,Violet,medium,8,Canadian Hawkweed Violet medium  $8,SHOP_147,TYPE_6
PRODUCT_175,Pitted Onion,Mauv,medium,10,Pitted Onion Mauv medium  $10,SHOP_147,TYPE_47
PRODUCT_915,Canadian Milkvetch,Crimson,medium,6,Canadian Milkvetch Crimson medium  $6,SHOP_148,TYPE_93
PRODUCT_207,Plains Blackfoot,Red,medium,6,Plains Blackfoot Red medium  $6,SHOP_148,TYPE_11
PRODUCT_624,Plains Bristlegrass,Puce,small,10,Plains Bristlegrass Puce small  $10,SHOP_149,TYPE_44
PRODUCT_298,Candelabra Wattle,Puce,large,12,Candelabra Wattle Puce large  $12,SHOP_149,TYPE_35
PRODUCT_797,Magellan's Sphagnum,Orange,medium,8,Magellan's Sphagnum Orange medium  $8,SHOP_15,TYPE_101
PRODUCT_652,American Anzia Lichen,Violet,medium,12,American Anzia Lichen Violet medium  $12,SHOP_15,TYPE_13
PRODUCT_220,Canoparmelia Lichen,Violet,large,10,Canoparmelia Lichen Violet large  $10,SHOP_150,TYPE_120
PRODUCT_165,Plaubelia Moss,Khaki,large,12,Plaubelia Moss Khaki large  $12,SHOP_150,TYPE_58
PRODUCT_367,Canyon Bird's-foot Trefoil,Indigo,large,6,Canyon Bird's-foot Trefoil Indigo large  $6,SHOP_151,TYPE_82
PRODUCT_316,Plumegrass,Maroon,small,6,Plumegrass Maroon small  $6,SHOP_151,TYPE_14
PRODUCT_90,Canyon Gooseberry,Yellow,small,7,Canyon Gooseberry Yellow small  $7,SHOP_152,TYPE_110
PRODUCT_166,Pointed Gumweed,Green,large,7,Pointed Gumweed Green large  $7,SHOP_152,TYPE_57
PRODUCT_666,Polyblastia Lichen,Yellow,small,13,Polyblastia Lichen Yellow small  $13,SHOP_153,TYPE_122
PRODUCT_529,Cape Bugloss,Goldenrod,large,6,Cape Bugloss Goldenrod large  $6,SHOP_153,TYPE_26
PRODUCT_858,Polymeridium Lichen,Fuscia,small,11,Polymeridium Lichen Fuscia small  $11,SHOP_154,TYPE_33
PRODUCT_759,Capraria,Fuscia,large,13,Capraria Fuscia large  $13,SHOP_154,TYPE_19
PRODUCT_875,Polynesian Heliotrope,Violet,small,10,Polynesian Heliotrope Violet small  $10,SHOP_155,TYPE_14
PRODUCT_134,Caribbean Clearweed,Green,large,11,Caribbean Clearweed Green large  $11,SHOP_155,TYPE_92
PRODUCT_137,Carolina Alumroot,Goldenrod,small,9,Carolina Alumroot Goldenrod small  $9,SHOP_156,TYPE_89
PRODUCT_11,Polytrichum Moss,Green,medium,6,Polytrichum Moss Green medium  $6,SHOP_156,TYPE_119
PRODUCT_510,Carolina Desert-thorn,Blue,small,7,Carolina Desert-thorn Blue small  $7,SHOP_157,TYPE_46
PRODUCT_415,Poponax,Green,medium,8,Poponax Green medium  $8,SHOP_157,TYPE_28
PRODUCT_477,Porsild's False Candytuft,Teal,medium,6,Porsild's False Candytuft Teal medium  $6,SHOP_158,TYPE_84
PRODUCT_168,Carolina Joe Pye Weed,Crimson,medium,10,Carolina Joe Pye Weed Crimson medium  $10,SHOP_158,TYPE_55
PRODUCT_591,Carolina Puccoon,Indigo,small,7,Carolina Puccoon Indigo small  $7,SHOP_159,TYPE_81
PRODUCT_314,Prairie Gentian,Crimson,small,12,Prairie Gentian Crimson small  $12,SHOP_159,TYPE_16
PRODUCT_947,Mahogany Milkweed,Pink,medium,7,Mahogany Milkweed Pink medium  $7,SHOP_16,TYPE_58
PRODUCT_663,American Gomphillus Lichen,Goldenrod,medium,15,American Gomphillus Lichen Goldenrod medium  $15,SHOP_16,TYPE_1
PRODUCT_625,Prairie Panicgrass,Violet,medium,10,Prairie Panicgrass Violet medium  $10,SHOP_160,TYPE_43
PRODUCT_163,Carolina Wild Petunia,Teal,small,13,Carolina Wild Petunia Teal small  $13,SHOP_160,TYPE_60
PRODUCT_913,Prenanthella,Goldenrod,small,10,Prenanthella Goldenrod small  $10,SHOP_161,TYPE_95
PRODUCT_409,Carson's Waterparsnip,Violet,small,13,Carson's Waterparsnip Violet small  $13,SHOP_161,TYPE_35
PRODUCT_530,Cascade Knotweed,Yellow,large,11,Cascade Knotweed Yellow large  $11,SHOP_162,TYPE_24
PRODUCT_222,Pretty Sneezeweed,Violet,medium,13,Pretty Sneezeweed Violet medium  $13,SHOP_162,TYPE_118
PRODUCT_729,Cascara Serpentine Buckthorn,Khaki,small,13,Cascara Serpentine Buckthorn Khaki small  $13,SHOP_163,TYPE_52
PRODUCT_397,Prickbush,Maroon,small,13,Prickbush Maroon small  $13,SHOP_163,TYPE_49
PRODUCT_867,Privet,Violet,large,5,Privet Violet large  $5,SHOP_164,TYPE_23
PRODUCT_351,Cedar Elm,Aquamarine,medium,13,Cedar Elm Aquamarine medium  $13,SHOP_164,TYPE_99
PRODUCT_985,Cedar Wattle,Indigo,large,10,Cedar Wattle Indigo large  $10,SHOP_165,TYPE_16
PRODUCT_279,Proliferous Pink,Crimson,large,14,Proliferous Pink Crimson large  $14,SHOP_165,TYPE_56
PRODUCT_906,Cedronella,Indigo,medium,18,Cedronella Indigo medium  $18,SHOP_166,TYPE_103
PRODUCT_23,Prostrate Buckwheat,Turquoise,medium,10,Prostrate Buckwheat Turquoise medium  $10,SHOP_166,TYPE_110
PRODUCT_49,Protea,Blue,large,13,Protea Blue large  $13,SHOP_167,TYPE_70
PRODUCT_342,Centerville Brazos-mint,Indigo,large,8,Centerville Brazos-mint Indigo large  $8,SHOP_167,TYPE_109
PRODUCT_453,Protoblastenia Lichen,Fuscia,medium,10,Protoblastenia Lichen Fuscia medium  $10,SHOP_168,TYPE_110
PRODUCT_433,Ceratotheca,Pink,small,13,Ceratotheca Pink small  $13,SHOP_168,TYPE_8
PRODUCT_916,Pseudobryum Moss,Maroon,large,12,Pseudobryum Moss Maroon large  $12,SHOP_169,TYPE_92
PRODUCT_328,Ceropegia,Indigo,large,14,Ceropegia Indigo large  $14,SHOP_169,TYPE_1
PRODUCT_683,American Holly,Blue,medium,14,American Holly Blue medium  $14,SHOP_17,TYPE_103
PRODUCT_634,Mahogany Mistletoe,Khaki,medium,8,Mahogany Mistletoe Khaki medium  $8,SHOP_17,TYPE_33
PRODUCT_793,Ceylon Gooseberry,Maroon,large,14,Ceylon Gooseberry Maroon large  $14,SHOP_170,TYPE_105
PRODUCT_221,Pukiawe,Indigo,large,16,Pukiawe Indigo large  $16,SHOP_170,TYPE_119
PRODUCT_331,Chamaechaenactis,Blue,large,13,Chamaechaenactis Blue large  $13,SHOP_171,TYPE_121
PRODUCT_301,Pulasan,Puce,large,17,Pulasan Puce large  $17,SHOP_171,TYPE_30
PRODUCT_941,Punktree,Turquoise,small,8,Punktree Turquoise small  $8,SHOP_172,TYPE_64
PRODUCT_85,Chaparral Bird's-foot Trefoil,Indigo,medium,11,Chaparral Bird's-foot Trefoil Indigo medium  $11,SHOP_172,TYPE_42
PRODUCT_719,Chaparral Dodder,Yellow,small,9,Chaparral Dodder Yellow small  $9,SHOP_173,TYPE_63
PRODUCT_649,Purple Lovegrass,Crimson,large,11,Purple Lovegrass Crimson large  $11,SHOP_173,TYPE_17
PRODUCT_959,Purple Milkweed,Khaki,small,8,Purple Milkweed Khaki small  $8,SHOP_174,TYPE_45
PRODUCT_337,Chapman Oak,Yellow,small,13,Chapman Oak Yellow small  $13,SHOP_174,TYPE_115
PRODUCT_903,Purple Prairie Clover,Aquamarine,large,13,Purple Prairie Clover Aquamarine large  $13,SHOP_175,TYPE_106
PRODUCT_475,Charleston Peak Mousetail,Purple,medium,11,Charleston Peak Mousetail Purple medium  $11,SHOP_175,TYPE_86
PRODUCT_928,Chavar,Puce,large,9,Chavar Puce large  $9,SHOP_176,TYPE_79
PRODUCT_82,Purple Stonecrop,Teal,medium,6,Purple Stonecrop Teal medium  $6,SHOP_176,TYPE_75
PRODUCT_823,Checker Lily,Maroon,medium,11,Checker Lily Maroon medium  $11,SHOP_177,TYPE_71
PRODUCT_632,Purple Threeawn,Khaki,small,9,Purple Threeawn Khaki small  $9,SHOP_177,TYPE_35
PRODUCT_89,Purpleanther Field Pepperweed,Khaki,medium,7,Purpleanther Field Pepperweed Khaki medium  $7,SHOP_178,TYPE_122
PRODUCT_463,Chestnut Rush,Green,large,3,Chestnut Rush Green large  $3,SHOP_178,TYPE_99
PRODUCT_590,Purpus' Tumblemustard,Blue,large,12,Purpus' Tumblemustard Blue large  $12,SHOP_179,TYPE_82
PRODUCT_111,Chihuahuan Stickseed,Purple,small,10,Chihuahuan Stickseed Purple small  $10,SHOP_179,TYPE_117
PRODUCT_935,Maile,Orange,medium,5,Maile Orange medium  $5,SHOP_18,TYPE_71
PRODUCT_872,American Vetch,Goldenrod,medium,5,American Vetch Goldenrod medium  $5,SHOP_18,TYPE_17
PRODUCT_912,Pygmyflower Rockjasmine,Orange,medium,5,Pygmyflower Rockjasmine Orange medium  $5,SHOP_180,TYPE_96
PRODUCT_87,Chinese Desert-thorn,Maroon,large,10,Chinese Desert-thorn Maroon large  $10,SHOP_180,TYPE_20
PRODUCT_551,Pygmyweed,Maroon,medium,8,Pygmyweed Maroon medium  $8,SHOP_181,TYPE_1
PRODUCT_47,Chinese Hawthorn,Red,small,6,Chinese Hawthorn Red small  $6,SHOP_181,TYPE_92
PRODUCT_746,Queen's-delight,Crimson,medium,12,Queen's-delight Crimson medium  $12,SHOP_182,TYPE_33
PRODUCT_14,Chinese Milk-vetch,Maroon,small,12,Chinese Milk-vetch Maroon small  $12,SHOP_182,TYPE_86
PRODUCT_671,Racemed Dewberry,Goldenrod,large,10,Racemed Dewberry Goldenrod large  $10,SHOP_183,TYPE_116
PRODUCT_411,Chinese Wingnut,Teal,medium,14,Chinese Wingnut Teal medium  $14,SHOP_183,TYPE_32
PRODUCT_692,Cima Milkvetch,Yellow,small,9,Cima Milkvetch Yellow small  $9,SHOP_184,TYPE_93
PRODUCT_459,Ramp,Blue,small,8,Ramp Blue small  $8,SHOP_184,TYPE_104
PRODUCT_660,Circumpolar Starwort,Pink,small,11,Circumpolar Starwort Pink small  $11,SHOP_185,TYPE_4
PRODUCT_61,Rattlesnake Flower,Puce,medium,10,Rattlesnake Flower Puce medium  $10,SHOP_185,TYPE_60
PRODUCT_791,Clam Lichen,Pink,medium,9,Clam Lichen Pink medium  $9,SHOP_186,TYPE_107
PRODUCT_491,Ravine Cyanea,Blue,small,8,Ravine Cyanea Blue small  $8,SHOP_186,TYPE_68
PRODUCT_698,Red Cryptocarya,Teal,large,8,Red Cryptocarya Teal large  $8,SHOP_187,TYPE_87
PRODUCT_578,Claybank Beaksedge,Maroon,medium,8,Claybank Beaksedge Maroon medium  $8,SHOP_187,TYPE_96
PRODUCT_58,Cleveland's Milkvetch,Red,small,13,Cleveland's Milkvetch Red small  $13,SHOP_188,TYPE_94
PRODUCT_104,Red Lovegrass,Pink,small,7,Red Lovegrass Pink small  $7,SHOP_188,TYPE_66
PRODUCT_851,Cliff Dwarf-primrose,Crimson,large,9,Cliff Dwarf-primrose Crimson large  $9,SHOP_189,TYPE_40
PRODUCT_469,Red Mountain Catchfly,Blue,medium,10,Red Mountain Catchfly Blue medium  $10,SHOP_189,TYPE_93
PRODUCT_838,Mandrake,Indigo,small,9,Mandrake Indigo small  $9,SHOP_19,TYPE_55
PRODUCT_705,American Water Plantain,Puce,small,10,American Water Plantain Puce small  $10,SHOP_19,TYPE_78
PRODUCT_495,Redroot Cryptantha,Aquamarine,large,10,Redroot Cryptantha Aquamarine large  $10,SHOP_190,TYPE_64
PRODUCT_370,Clifton's Eremogone,Turquoise,large,11,Clifton's Eremogone Turquoise large  $11,SHOP_190,TYPE_78
PRODUCT_951,Redstem Stork's Bill,Orange,medium,10,Redstem Stork's Bill Orange medium  $10,SHOP_191,TYPE_53
PRODUCT_465,Climbing Bedstraw,Aquamarine,medium,8,Climbing Bedstraw Aquamarine medium  $8,SHOP_191,TYPE_97
PRODUCT_814,Clubmoss,Purple,large,13,Clubmoss Purple large  $13,SHOP_192,TYPE_81
PRODUCT_487,Reedgrass,Puce,medium,7,Reedgrass Puce medium  $7,SHOP_192,TYPE_73
PRODUCT_718,Reflexed Flatsedge,Khaki,medium,14,Reflexed Flatsedge Khaki medium  $14,SHOP_193,TYPE_64
PRODUCT_519,Clustered Lady's Mantle,Violet,small,13,Clustered Lady's Mantle Violet small  $13,SHOP_193,TYPE_37
PRODUCT_999,Clustered Yellowtops,Yellow,large,10,Clustered Yellowtops Yellow large  $10,SHOP_194,TYPE_1
PRODUCT_614,Retem,Green,small,15,Retem Green small  $15,SHOP_194,TYPE_55
PRODUCT_48,Clusterspike False Indigo,Indigo,small,9,Clusterspike False Indigo Indigo small  $9,SHOP_195,TYPE_81
PRODUCT_143,Richardson's Phlox,Teal,large,9,Richardson's Phlox Teal large  $9,SHOP_195,TYPE_82
PRODUCT_76,Riddell's Ragwort,Puce,small,13,Riddell's Ragwort Puce small  $13,SHOP_196,TYPE_18
PRODUCT_375,Coastal Indian Mallow,Orange,small,19,Coastal Indian Mallow Orange small  $19,SHOP_196,TYPE_73
PRODUCT_573,Coastalcreeper,Fuscia,medium,13,Coastalcreeper Fuscia medium  $13,SHOP_197,TYPE_101
PRODUCT_452,Rim Lichen,Orange,medium,9,Rim Lichen Orange medium  $9,SHOP_197,TYPE_111
PRODUCT_98,Rim Lichen,Red,small,5,Rim Lichen Red small  $5,SHOP_198,TYPE_22
PRODUCT_828,Cobb Mountain Lupine,Yellow,large,12,Cobb Mountain Lupine Yellow large  $12,SHOP_198,TYPE_66
PRODUCT_541,Rim Lichen,Turquoise,medium,3,Rim Lichen Turquoise medium  $3,SHOP_199,TYPE_12
PRODUCT_479,Cochise Scaly Cloakfern,Teal,medium,7,Cochise Scaly Cloakfern Teal medium  $7,SHOP_199,TYPE_82
PRODUCT_358,Longleaf Starwort,Maroon,medium,8,Longleaf Starwort Maroon medium  $8,SHOP_2,TYPE_92
PRODUCT_116,Abrams' Lupine,Orange,medium,18,Abrams' Lupine Orange medium  $18,SHOP_2,TYPE_112
PRODUCT_675,Amur Privet,Khaki,medium,8,Amur Privet Khaki medium  $8,SHOP_20,TYPE_112
PRODUCT_627,Many Stem Cudweed,Puce,medium,6,Many Stem Cudweed Puce medium  $6,SHOP_20,TYPE_41
PRODUCT_902,Rim Lichen,Turquoise,small,14,Rim Lichen Turquoise small  $14,SHOP_200,TYPE_107
PRODUCT_543,Collins' Rockcress,Crimson,large,9,Collins' Rockcress Crimson large  $9,SHOP_200,TYPE_10
PRODUCT_261,Colorado False Hellebore,Pink,medium,10,Colorado False Hellebore Pink medium  $10,SHOP_201,TYPE_75
PRODUCT_25,Rinodina Lichen,Pink,small,9,Rinodina Lichen Pink small  $9,SHOP_201,TYPE_88
PRODUCT_899,Rio Grande Mock Vervain,Blue,medium,5,Rio Grande Mock Vervain Blue medium  $5,SHOP_202,TYPE_112
PRODUCT_620,Combleaf Threadplant,Crimson,small,10,Combleaf Threadplant Crimson small  $10,SHOP_202,TYPE_48
PRODUCT_772,Commerson's Nightshade,Maroon,small,7,Commerson's Nightshade Maroon small  $7,SHOP_203,TYPE_4
PRODUCT_52,River Redgum,Puce,small,3,River Redgum Puce small  $3,SHOP_203,TYPE_36
PRODUCT_461,Common Barberry,Green,large,6,Common Barberry Green large  $6,SHOP_204,TYPE_101
PRODUCT_276,Riverbank Grape,Khaki,medium,12,Riverbank Grape Khaki medium  $12,SHOP_204,TYPE_59
PRODUCT_807,Common Goldenstar,Turquoise,medium,5,Common Goldenstar Turquoise medium  $5,SHOP_205,TYPE_89
PRODUCT_571,Robinson's Hawkweed,Violet,large,15,Robinson's Hawkweed Violet large  $15,SHOP_205,TYPE_103
PRODUCT_504,Rock Rosemary,Teal,medium,10,Rock Rosemary Teal medium  $10,SHOP_206,TYPE_53
PRODUCT_443,Common Lilac,Red,medium,6,Common Lilac Red medium  $6,SHOP_206,TYPE_121
PRODUCT_75,Rockflower,Pink,small,8,Rockflower Pink small  $8,SHOP_207,TYPE_29
PRODUCT_735,Common Yarrow,Turquoise,medium,10,Common Yarrow Turquoise medium  $10,SHOP_207,TYPE_45
PRODUCT_764,Coneplant,Green,medium,7,Coneplant Green medium  $7,SHOP_208,TYPE_13
PRODUCT_688,Rockloving Phacelia,Orange,large,9,Rockloving Phacelia Orange large  $9,SHOP_208,TYPE_98
PRODUCT_338,Cooper's Popcornflower,Puce,large,11,Cooper's Popcornflower Puce large  $11,SHOP_209,TYPE_114
PRODUCT_192,Rockyscree False Goldenaster,Violet,medium,15,Rockyscree False Goldenaster Violet medium  $15,SHOP_209,TYPE_28
PRODUCT_639,Manyawn Pricklyleaf,Blue,medium,10,Manyawn Pricklyleaf Blue medium  $10,SHOP_21,TYPE_28
PRODUCT_223,Amygdalaria Lichen,Maroon,large,11,Amygdalaria Lichen Maroon large  $11,SHOP_21,TYPE_117
PRODUCT_521,Coral Vine,Red,large,10,Coral Vine Red large  $10,SHOP_210,TYPE_34
PRODUCT_256,Rollins' Thelypody,Violet,medium,9,Rollins' Thelypody Violet medium  $9,SHOP_210,TYPE_81
PRODUCT_747,Rose Blackberry,Mauv,large,12,Rose Blackberry Mauv large  $12,SHOP_211,TYPE_32
PRODUCT_447,Cottongrass,Aquamarine,medium,8,Cottongrass Aquamarine medium  $8,SHOP_211,TYPE_117
PRODUCT_711,Cow's-foot,Khaki,large,9,Cow's-foot Khaki large  $9,SHOP_212,TYPE_71
PRODUCT_354,Rose Bladderpod,Turquoise,large,11,Rose Bladderpod Turquoise large  $11,SHOP_212,TYPE_96
PRODUCT_91,Coyol Palm,Blue,small,14,Coyol Palm Blue small  $14,SHOP_213,TYPE_99
PRODUCT_608,Rosette Lichen,Purple,small,8,Rosette Lichen Purple small  $8,SHOP_213,TYPE_62
PRODUCT_615,Rosha Grass,Yellow,medium,14,Rosha Grass Yellow medium  $14,SHOP_214,TYPE_54
PRODUCT_586,Cracked Lichen,Blue,small,12,Cracked Lichen Blue small  $12,SHOP_214,TYPE_87
PRODUCT_476,Rotala,Blue,small,11,Rotala Blue small  $11,SHOP_215,TYPE_85
PRODUCT_138,Cracked Lichen,Red,medium,11,Cracked Lichen Red medium  $11,SHOP_215,TYPE_88
PRODUCT_617,Cracked Lichen,Violet,large,10,Cracked Lichen Violet large  $10,SHOP_216,TYPE_52
PRODUCT_141,Rough Avens,Orange,large,9,Rough Avens Orange large  $9,SHOP_216,TYPE_84
PRODUCT_815,Rough Bugleweed,Crimson,large,9,Rough Bugleweed Crimson large  $9,SHOP_217,TYPE_80
PRODUCT_200,Cream Pincushions,Indigo,small,3,Cream Pincushions Indigo small  $3,SHOP_217,TYPE_18
PRODUCT_518,Rough Fleabane,Green,large,13,Rough Fleabane Green large  $13,SHOP_218,TYPE_38
PRODUCT_424,Creek Wattle,Maroon,small,18,Creek Wattle Maroon small  $18,SHOP_218,TYPE_18
PRODUCT_483,Creeping Alkaligrass,Turquoise,medium,10,Creeping Alkaligrass Turquoise medium  $10,SHOP_219,TYPE_77
PRODUCT_118,Rough Hedgenettle,Crimson,medium,12,Rough Hedgenettle Crimson medium  $12,SHOP_219,TYPE_110
PRODUCT_516,Anacardium,Crimson,medium,5,Anacardium Crimson medium  $5,SHOP_22,TYPE_40
PRODUCT_250,Manyhead Bladderpod,Green,medium,8,Manyhead Bladderpod Green medium  $8,SHOP_22,TYPE_87
PRODUCT_177,Rough Jointfir,Pink,small,6,Rough Jointfir Pink small  $6,SHOP_220,TYPE_45
PRODUCT_132,Creeping Charlie,Crimson,small,7,Creeping Charlie Crimson small  $7,SHOP_220,TYPE_94
PRODUCT_64,Crucianella,Teal,large,8,Crucianella Teal large  $8,SHOP_221,TYPE_27
PRODUCT_195,Rough Waterclover,Puce,small,11,Rough Waterclover Puce small  $11,SHOP_221,TYPE_25
PRODUCT_707,Round Notothylas,Red,medium,16,Round Notothylas Red medium  $16,SHOP_222,TYPE_76
PRODUCT_228,Ctenolepis,Pink,medium,15,Ctenolepis Pink medium  $15,SHOP_222,TYPE_112
PRODUCT_990,Roundleaf Buffaloberry,Purple,large,8,Roundleaf Buffaloberry Purple large  $8,SHOP_223,TYPE_10
PRODUCT_31,Cuban Windmill Grass,Orange,medium,9,Cuban Windmill Grass Orange medium  $9,SHOP_223,TYPE_21
PRODUCT_601,Cup Lichen,Fuscia,large,5,Cup Lichen Fuscia large  $5,SHOP_224,TYPE_69
PRODUCT_102,Roundleaf Monkeyflower,Turquoise,large,8,Roundleaf Monkeyflower Turquoise large  $8,SHOP_224,TYPE_68
PRODUCT_803,Roundseed Panicgrass,Blue,medium,12,Roundseed Panicgrass Blue medium  $12,SHOP_225,TYPE_93
PRODUCT_8,Cutleaf Checkerbloom,Khaki,small,3,Cutleaf Checkerbloom Khaki small  $3,SHOP_225,TYPE_98
PRODUCT_180,Roundseed Panicgrass,Blue,small,8,Roundseed Panicgrass Blue small  $8,SHOP_226,TYPE_41
PRODUCT_1000,Cylinderflower Lovegrass,Red,medium,6,Cylinderflower Lovegrass Red medium  $6,SHOP_226,TYPE_70
PRODUCT_905,Roundseed Panicgrass,Red,large,9,Roundseed Panicgrass Red large  $9,SHOP_227,TYPE_104
PRODUCT_194,Cylindric Navel Lichen,Puce,medium,9,Cylindric Navel Lichen Puce medium  $9,SHOP_227,TYPE_26
PRODUCT_953,Rubber Rabbitbrush,Turquoise,small,10,Rubber Rabbitbrush Turquoise small  $10,SHOP_228,TYPE_51
PRODUCT_880,Cynodontium Moss,Teal,small,5,Cynodontium Moss Teal small  $5,SHOP_228,TYPE_8
PRODUCT_385,Rubber Rabbitbrush,Yellow,medium,12,Rubber Rabbitbrush Yellow medium  $12,SHOP_229,TYPE_62
PRODUCT_344,Cyprus-vetch,Red,large,5,Cyprus-vetch Red large  $5,SHOP_229,TYPE_107
PRODUCT_686,Anacardium,Orange,large,15,Anacardium Orange large  $15,SHOP_23,TYPE_100
PRODUCT_380,Manystem Centaury,Orange,large,10,Manystem Centaury Orange large  $10,SHOP_23,TYPE_67
PRODUCT_741,Cyrtandra,Puce,small,11,Cyrtandra Puce small  $11,SHOP_230,TYPE_38
PRODUCT_302,Rusby's Globemallow,Yellow,medium,11,Rusby's Globemallow Yellow medium  $11,SHOP_230,TYPE_29
PRODUCT_939,Dactylospora Lichen,Green,large,15,Dactylospora Lichen Green large  $15,SHOP_231,TYPE_67
PRODUCT_109,Rusby's Goldenbush,Mauv,large,10,Rusby's Goldenbush Mauv large  $10,SHOP_231,TYPE_120
PRODUCT_319,Russet Hedgehog Cactus,Yellow,large,10,Russet Hedgehog Cactus Yellow large  $10,SHOP_232,TYPE_11
PRODUCT_219,Damiana,Aquamarine,large,4,Damiana Aquamarine large  $4,SHOP_232,TYPE_122
PRODUCT_389,Deeproot Clubmoss,Crimson,large,11,Deeproot Clubmoss Crimson large  $11,SHOP_233,TYPE_58
PRODUCT_214,Sacramento Valley Buttercup,Yellow,medium,14,Sacramento Valley Buttercup Yellow medium  $14,SHOP_233,TYPE_3
PRODUCT_866,Denticulate Cartilage Lichen,Red,large,10,Denticulate Cartilage Lichen Red large  $10,SHOP_234,TYPE_24
PRODUCT_369,Salmon River Locoweed,Pink,large,8,Salmon River Locoweed Pink large  $8,SHOP_234,TYPE_80
PRODUCT_438,Zelkova,Maroon,large,9,Zelkova Maroon large  $9,SHOP_235,TYPE_3
PRODUCT_240,Salmonberry,Orange,small,9,Salmonberry Orange small  $9,SHOP_235,TYPE_98
PRODUCT_377,Sampson's Snakeroot,Red,medium,10,Sampson's Snakeroot Red medium  $10,SHOP_236,TYPE_71
PRODUCT_287,Desert Deervetch,Goldenrod,small,13,Desert Deervetch Goldenrod small  $13,SHOP_236,TYPE_47
PRODUCT_640,San Bernardino Mountain Alumroot,Puce,large,9,San Bernardino Mountain Alumroot Puce large  $9,SHOP_237,TYPE_26
PRODUCT_445,Desert Globemallow,Red,large,10,Desert Globemallow Red large  $10,SHOP_237,TYPE_119
PRODUCT_756,Desert Poppy,Goldenrod,large,12,Desert Poppy Goldenrod large  $12,SHOP_238,TYPE_22
PRODUCT_752,San Francisco Campion,Indigo,small,9,San Francisco Campion Indigo small  $9,SHOP_238,TYPE_26
PRODUCT_857,San Francisco Campion,Pink,large,12,San Francisco Campion Pink large  $12,SHOP_239,TYPE_34
PRODUCT_713,Desert Rose,Crimson,large,6,Desert Rose Crimson large  $6,SHOP_239,TYPE_69
PRODUCT_599,Andreaeobryum Moss,Pink,large,10,Andreaeobryum Moss Pink large  $10,SHOP_24,TYPE_73
PRODUCT_290,Marshland Muhly,Khaki,medium,7,Marshland Muhly Khaki medium  $7,SHOP_24,TYPE_43
PRODUCT_183,Desert Savior,Teal,large,8,Desert Savior Teal large  $8,SHOP_240,TYPE_38
PRODUCT_150,San Joaquin Blazingstar,Fuscia,large,10,San Joaquin Blazingstar Fuscia large  $10,SHOP_240,TYPE_74
PRODUCT_556,Sand Bluestem,Purple,medium,9,Sand Bluestem Purple medium  $9,SHOP_241,TYPE_120
PRODUCT_514,Desert Sweet,Purple,small,5,Desert Sweet Purple small  $5,SHOP_241,TYPE_42
PRODUCT_920,Devil's Cholla,Crimson,small,14,Devil's Cholla Crimson small  $14,SHOP_242,TYPE_87
PRODUCT_379,Sand Fleabane,Crimson,medium,9,Sand Fleabane Crimson medium  $9,SHOP_242,TYPE_69
PRODUCT_202,Sand Penstemon,Orange,large,5,Sand Penstemon Orange large  $5,SHOP_243,TYPE_16
PRODUCT_199,Devil's Shoestring,Puce,large,12,Devil's Shoestring Puce large  $12,SHOP_243,TYPE_21
PRODUCT_929,Sand Rose Gentian,Red,large,8,Sand Rose Gentian Red large  $8,SHOP_244,TYPE_78
PRODUCT_776,Dicranella Moss,Crimson,medium,5,Dicranella Moss Crimson medium  $5,SHOP_244,TYPE_124
PRODUCT_656,Sand Sedge,Turquoise,large,5,Sand Sedge Turquoise large  $5,SHOP_245,TYPE_9
PRODUCT_107,Diplotomma Lichen,Aquamarine,large,6,Diplotomma Lichen Aquamarine large  $6,SHOP_245,TYPE_122
PRODUCT_825,Dirina Lichen,Pink,medium,3,Dirina Lichen Pink medium  $3,SHOP_246,TYPE_69
PRODUCT_446,Sand Spikerush,Turquoise,medium,10,Sand Spikerush Turquoise medium  $10,SHOP_246,TYPE_118
PRODUCT_392,Disc Lichen,Green,medium,13,Disc Lichen Green medium  $13,SHOP_247,TYPE_54
PRODUCT_238,Santa Barbara Milkvetch,Blue,large,8,Santa Barbara Milkvetch Blue large  $8,SHOP_247,TYPE_101
PRODUCT_609,Dixie Goldenrod,Red,small,5,Dixie Goldenrod Red small  $5,SHOP_248,TYPE_61
PRODUCT_105,Santa Cruz Clover,Green,large,11,Santa Cruz Clover Green large  $11,SHOP_248,TYPE_124
PRODUCT_835,Dot Lichen,Goldenrod,small,16,Dot Lichen Goldenrod small  $16,SHOP_249,TYPE_58
PRODUCT_310,Santa Lucia Suncup,Goldenrod,large,8,Santa Lucia Suncup Goldenrod large  $8,SHOP_249,TYPE_20
PRODUCT_883,Maryland Sanicle,Crimson,small,12,Maryland Sanicle Crimson small  $12,SHOP_25,TYPE_5
PRODUCT_60,Angled Paludella Moss,Aquamarine,small,13,Angled Paludella Moss Aquamarine small  $13,SHOP_25,TYPE_71
PRODUCT_557,Santa Rosa Horkelia,Crimson,large,9,Santa Rosa Horkelia Crimson large  $9,SHOP_250,TYPE_119
PRODUCT_3,Dot Lichen,Puce,small,6,Dot Lichen Puce small  $6,SHOP_250,TYPE_33
PRODUCT_868,Saxifrage,Aquamarine,medium,12,Saxifrage Aquamarine medium  $12,SHOP_251,TYPE_22
PRODUCT_818,Dotted Beaksedge,Puce,small,9,Dotted Beaksedge Puce small  $9,SHOP_251,TYPE_77
PRODUCT_494,Dotted Smartweed,Blue,large,10,Dotted Smartweed Blue large  $10,SHOP_252,TYPE_65
PRODUCT_348,Scatter Knotweed,Crimson,small,12,Scatter Knotweed Crimson small  $12,SHOP_252,TYPE_103
PRODUCT_743,Douglas' Grasswidow,Crimson,small,13,Douglas' Grasswidow Crimson small  $13,SHOP_253,TYPE_36
PRODUCT_334,Scentless Bayberry,Puce,small,6,Scentless Bayberry Puce small  $6,SHOP_253,TYPE_118
PRODUCT_921,Douglas' Meadowfoam,Yellow,large,10,Douglas' Meadowfoam Yellow large  $10,SHOP_254,TYPE_86
PRODUCT_275,Schleicher's Entodon Moss,Puce,medium,8,Schleicher's Entodon Moss Puce medium  $8,SHOP_254,TYPE_60
PRODUCT_750,Schreber's Pondweed,Pink,medium,8,Schreber's Pondweed Pink medium  $8,SHOP_255,TYPE_28
PRODUCT_432,Downy Desert-thorn,Red,large,9,Downy Desert-thorn Red large  $9,SHOP_255,TYPE_9
PRODUCT_714,Scorpion Senna,Aquamarine,small,13,Scorpion Senna Aquamarine small  $13,SHOP_256,TYPE_68
PRODUCT_567,Dracontomelon,Yellow,medium,13,Dracontomelon Yellow medium  $13,SHOP_256,TYPE_108
PRODUCT_739,Scorpion Ticktrefoil,Blue,medium,15,Scorpion Ticktrefoil Blue medium  $15,SHOP_257,TYPE_41
PRODUCT_335,Dragontree,Turquoise,medium,17,Dragontree Turquoise medium  $17,SHOP_257,TYPE_117
PRODUCT_975,Scorpionbush,Violet,small,10,Scorpionbush Violet small  $10,SHOP_258,TYPE_27
PRODUCT_178,Drepanocladus Moss,Maroon,large,6,Drepanocladus Moss Maroon large  $6,SHOP_258,TYPE_44
PRODUCT_558,Dropleaf Buckwheat,Indigo,medium,12,Dropleaf Buckwheat Indigo medium  $12,SHOP_259,TYPE_118
PRODUCT_40,Scorzonera,Green,small,9,Scorzonera Green small  $9,SHOP_259,TYPE_45
PRODUCT_854,Anglevein Fern,Purple,medium,11,Anglevein Fern Purple medium  $11,SHOP_26,TYPE_37
PRODUCT_376,Maryland Senna,Red,large,12,Maryland Senna Red large  $12,SHOP_26,TYPE_72
PRODUCT_333,Drug Eyebright,Orange,small,10,Drug Eyebright Orange small  $10,SHOP_260,TYPE_119
PRODUCT_186,Scorzonera,Yellow,large,6,Scorzonera Yellow large  $6,SHOP_260,TYPE_35
PRODUCT_954,Drummond's Onion,Purple,large,10,Drummond's Onion Purple large  $10,SHOP_261,TYPE_50
PRODUCT_681,Scott's Clematis,Orange,small,9,Scott's Clematis Orange small  $9,SHOP_261,TYPE_105
PRODUCT_841,Screwtree,Turquoise,small,5,Screwtree Turquoise small  $5,SHOP_262,TYPE_51
PRODUCT_505,Durum Wheat,Yellow,medium,16,Durum Wheat Yellow medium  $16,SHOP_262,TYPE_52
PRODUCT_717,Script Lichen,Khaki,medium,12,Script Lichen Khaki medium  $12,SHOP_263,TYPE_65
PRODUCT_382,Dust Lichen,Aquamarine,medium,13,Dust Lichen Aquamarine medium  $13,SHOP_263,TYPE_65
PRODUCT_691,Dusty Miller,Violet,large,7,Dusty Miller Violet large  $7,SHOP_264,TYPE_94
PRODUCT_654,Sea Torchwood,Violet,large,8,Sea Torchwood Violet large  $8,SHOP_264,TYPE_11
PRODUCT_7,Dwarf Lessingia,Teal,small,7,Dwarf Lessingia Teal small  $7,SHOP_265,TYPE_85
PRODUCT_174,Sedge,Aquamarine,large,12,Sedge Aquamarine large  $12,SHOP_265,TYPE_48
PRODUCT_938,Sensitive Fern,Fuscia,medium,11,Sensitive Fern Fuscia medium  $11,SHOP_266,TYPE_68
PRODUCT_819,Dwarf Pepperweed,Turquoise,medium,9,Dwarf Pepperweed Turquoise medium  $9,SHOP_266,TYPE_76
PRODUCT_394,Sensitive Fern,Yellow,medium,6,Sensitive Fern Yellow medium  $6,SHOP_267,TYPE_52
PRODUCT_270,Dwarf Violet Iris,Yellow,large,12,Dwarf Violet Iris Yellow large  $12,SHOP_267,TYPE_65
PRODUCT_800,Dwarf Yellow Fleabane,Blue,small,6,Dwarf Yellow Fleabane Blue small  $6,SHOP_268,TYPE_96
PRODUCT_6,Serpentine Tarweed,Fuscia,large,12,Serpentine Tarweed Fuscia large  $12,SHOP_268,TYPE_72
PRODUCT_694,Serrated Tussock,Yellow,large,16,Serrated Tussock Yellow large  $16,SHOP_269,TYPE_91
PRODUCT_218,Dyera,Mauv,medium,6,Dyera Mauv medium  $6,SHOP_269,TYPE_123
PRODUCT_648,Anil Falso,Aquamarine,small,12,Anil Falso Aquamarine small  $12,SHOP_27,TYPE_18
PRODUCT_523,Matted Lichen,Yellow,large,10,Matted Lichen Yellow large  $10,SHOP_27,TYPE_32
PRODUCT_528,Early Bluegrass,Purple,small,4,Early Bluegrass Purple small  $4,SHOP_270,TYPE_27
PRODUCT_434,Shale Barren Ragwort,Khaki,medium,10,Shale Barren Ragwort Khaki medium  $10,SHOP_270,TYPE_7
PRODUCT_37,Short Lupine,Teal,medium,9,Short Lupine Teal medium  $9,SHOP_271,TYPE_79
PRODUCT_303,Earth Lichen,Mauv,large,13,Earth Lichen Mauv large  $13,SHOP_271,TYPE_28
PRODUCT_755,Eastern Dwarf Mistletoe,Yellow,large,8,Eastern Dwarf Mistletoe Yellow large  $8,SHOP_272,TYPE_23
PRODUCT_572,Shortcoal Bluegrass,Mauv,small,10,Shortcoal Bluegrass Mauv small  $10,SHOP_272,TYPE_102
PRODUCT_386,Eastern Sensitive Plant,Crimson,medium,6,Eastern Sensitive Plant Crimson medium  $6,SHOP_273,TYPE_61
PRODUCT_156,Shortflower Indian Paintbrush,Green,medium,11,Shortflower Indian Paintbrush Green medium  $11,SHOP_273,TYPE_68
PRODUCT_636,Eastern Wahoo,Orange,large,3,Eastern Wahoo Orange large  $3,SHOP_274,TYPE_31
PRODUCT_517,Shortleaf Alpinegold,Turquoise,medium,7,Shortleaf Alpinegold Turquoise medium  $7,SHOP_274,TYPE_39
PRODUCT_910,Shortleaf Blazing Star,Puce,large,9,Shortleaf Blazing Star Puce large  $9,SHOP_275,TYPE_98
PRODUCT_562,Eastern Yampah,Yellow,large,11,Eastern Yampah Yellow large  $11,SHOP_275,TYPE_113
PRODUCT_650,Echinoplaca Lichen,Red,large,11,Echinoplaca Lichen Red large  $11,SHOP_276,TYPE_15
PRODUCT_577,Shortstalk Stinkweed,Pink,large,10,Shortstalk Stinkweed Pink large  $10,SHOP_276,TYPE_97
PRODUCT_272,Showy Evening Primrose,Crimson,medium,10,Showy Evening Primrose Crimson medium  $10,SHOP_277,TYPE_63
PRODUCT_167,Eckfeldt's Lecidea Lichen,Yellow,medium,12,Eckfeldt's Lecidea Lichen Yellow medium  $12,SHOP_277,TYPE_56
PRODUCT_785,Showy Gilia,Mauv,large,9,Showy Gilia Mauv large  $9,SHOP_278,TYPE_114
PRODUCT_416,Edwards Plateau Thimbleweed,Pink,small,7,Edwards Plateau Thimbleweed Pink small  $7,SHOP_278,TYPE_27
PRODUCT_695,Eggleaf Lacefern,Green,medium,9,Eggleaf Lacefern Green medium  $9,SHOP_279,TYPE_90
PRODUCT_169,Showy Phlox,Green,small,14,Showy Phlox Green small  $14,SHOP_279,TYPE_54
PRODUCT_594,Annual Semaphoregrass,Teal,large,11,Annual Semaphoregrass Teal large  $11,SHOP_28,TYPE_78
PRODUCT_122,Matted Water-starwort,Indigo,medium,12,Matted Water-starwort Indigo medium  $12,SHOP_28,TYPE_105
PRODUCT_268,Showy Skullcap,Puce,large,10,Showy Skullcap Puce large  $10,SHOP_280,TYPE_68
PRODUCT_155,Egyptian Broomrape,Turquoise,large,8,Egyptian Broomrape Turquoise large  $8,SHOP_280,TYPE_69
PRODUCT_973,Elegant Sweetclover,Goldenrod,medium,11,Elegant Sweetclover Goldenrod medium  $11,SHOP_281,TYPE_29
PRODUCT_733,Shrubby Jerusalem Sage,Indigo,large,6,Shrubby Jerusalem Sage Indigo large  $6,SHOP_281,TYPE_47
PRODUCT_931,Shrubby Woodsorrel,Khaki,medium,8,Shrubby Woodsorrel Khaki medium  $8,SHOP_282,TYPE_75
PRODUCT_696,English Cinquefoil,Orange,medium,17,English Cinquefoil Orange medium  $17,SHOP_282,TYPE_89
PRODUCT_679,Shrubland Dubautia,Maroon,large,11,Shrubland Dubautia Maroon large  $11,SHOP_283,TYPE_108
PRODUCT_133,Eremogone,Red,large,8,Eremogone Red large  $8,SHOP_283,TYPE_93
PRODUCT_544,Siberian Springbeauty,Teal,small,12,Siberian Springbeauty Teal small  $12,SHOP_284,TYPE_9
PRODUCT_185,Eryngo,Yellow,small,8,Eryngo Yellow small  $8,SHOP_284,TYPE_36
PRODUCT_684,Esparto,Violet,small,5,Esparto Violet small  $5,SHOP_285,TYPE_102
PRODUCT_308,Sierra Biscuitroot,Purple,large,7,Sierra Biscuitroot Purple large  $7,SHOP_285,TYPE_23
PRODUCT_313,Sierra Erigeron,Indigo,medium,15,Sierra Erigeron Indigo medium  $15,SHOP_286,TYPE_17
PRODUCT_285,Espuela De Galan,Turquoise,medium,10,Espuela De Galan Turquoise medium  $10,SHOP_286,TYPE_49
PRODUCT_897,Sierra Skullcap,Mauv,medium,11,Sierra Skullcap Mauv medium  $11,SHOP_287,TYPE_114
PRODUCT_763,Ethiopian Dogstooth Grass,Crimson,small,10,Ethiopian Dogstooth Grass Crimson small  $10,SHOP_287,TYPE_14
PRODUCT_323,European Cranberrybush,Orange,small,13,European Cranberrybush Orange small  $13,SHOP_288,TYPE_6
PRODUCT_213,Silvergrass,Maroon,medium,15,Silvergrass Maroon medium  $15,SHOP_288,TYPE_4
PRODUCT_805,Silverleaf Sunray,Khaki,medium,6,Silverleaf Sunray Khaki medium  $6,SHOP_289,TYPE_91
PRODUCT_299,European Frostweed,Khaki,medium,10,European Frostweed Khaki medium  $10,SHOP_289,TYPE_34
PRODUCT_197,Maui Islandmint,Violet,large,7,Maui Islandmint Violet large  $7,SHOP_29,TYPE_23
PRODUCT_135,Anomalous Cola,Aquamarine,large,11,Anomalous Cola Aquamarine large  $11,SHOP_29,TYPE_91
PRODUCT_802,Silvertop,Teal,large,12,Silvertop Teal large  $12,SHOP_290,TYPE_94
PRODUCT_720,European Stickseed,Green,large,9,European Stickseed Green large  $9,SHOP_290,TYPE_61
PRODUCT_766,Evening Primrose,Maroon,medium,11,Evening Primrose Maroon medium  $11,SHOP_291,TYPE_11
PRODUCT_232,Simmonds' Aster,Indigo,medium,10,Simmonds' Aster Indigo medium  $10,SHOP_291,TYPE_107
PRODUCT_892,Simpleleaf Chastetree,Teal,large,8,Simpleleaf Chastetree Teal large  $8,SHOP_292,TYPE_119
PRODUCT_362,Evergreen Bugloss,Orange,small,11,Evergreen Bugloss Orange small  $11,SHOP_292,TYPE_87
PRODUCT_412,Evergreen Bugloss,Teal,large,11,Evergreen Bugloss Teal large  $11,SHOP_293,TYPE_31
PRODUCT_233,Singleflower Cyrtandra,Fuscia,small,12,Singleflower Cyrtandra Fuscia small  $12,SHOP_293,TYPE_106
PRODUCT_585,Fall Panicgrass,Yellow,medium,11,Fall Panicgrass Yellow medium  $11,SHOP_294,TYPE_88
PRODUCT_157,Sitka Mountain Ash,Blue,medium,4,Sitka Mountain Ash Blue medium  $4,SHOP_294,TYPE_67
PRODUCT_839,Slender Clubmoss,Aquamarine,large,12,Slender Clubmoss Aquamarine large  $12,SHOP_295,TYPE_54
PRODUCT_227,Fall Sneezeweed,Goldenrod,large,12,Fall Sneezeweed Goldenrod large  $12,SHOP_295,TYPE_113
PRODUCT_853,Slender False Brome,Turquoise,medium,9,Slender False Brome Turquoise medium  $9,SHOP_296,TYPE_38
PRODUCT_751,Fall Tansyaster,Fuscia,large,8,Fall Tansyaster Fuscia large  $8,SHOP_296,TYPE_27
PRODUCT_53,False Baby's Breath,Yellow,small,10,False Baby's Breath Yellow small  $10,SHOP_297,TYPE_25
PRODUCT_300,Slender Goldenbanner,Indigo,large,12,Slender Goldenbanner Indigo large  $12,SHOP_297,TYPE_31
PRODUCT_561,Slender Threeseed Mercury,Pink,medium,6,Slender Threeseed Mercury Pink medium  $6,SHOP_298,TYPE_114
PRODUCT_506,False Cloak Fern,Khaki,large,16,False Cloak Fern Khaki large  $16,SHOP_298,TYPE_51
PRODUCT_869,Slimlobe Beggarticks,Violet,medium,10,Slimlobe Beggarticks Violet medium  $10,SHOP_299,TYPE_21
PRODUCT_690,False Shieldfern,Aquamarine,medium,9,False Shieldfern Aquamarine medium  $9,SHOP_299,TYPE_95
PRODUCT_566,Longleaf Wormwood,Yellow,medium,8,Longleaf Wormwood Yellow medium  $8,SHOP_3,TYPE_109
PRODUCT_329,Acadia Dogwood,Blue,large,11,Acadia Dogwood Blue large  $11,SHOP_3,TYPE_124
PRODUCT_706,Maui Tetramolopium,Aquamarine,large,11,Maui Tetramolopium Aquamarine large  $11,SHOP_30,TYPE_77
PRODUCT_190,Anthracothecium Lichen,Orange,small,9,Anthracothecium Lichen Orange small  $9,SHOP_30,TYPE_30
PRODUCT_589,False Spikeflower,Orange,medium,7,False Spikeflower Orange medium  $7,SHOP_300,TYPE_84
PRODUCT_140,Slimspike Prairie Clover,Indigo,medium,10,Slimspike Prairie Clover Indigo medium  $10,SHOP_300,TYPE_85
PRODUCT_583,Small Onion,Yellow,medium,11,Small Onion Yellow medium  $11,SHOP_301,TYPE_90
PRODUCT_437,False Spotted St. Johnswort,Yellow,small,8,False Spotted St. Johnswort Yellow small  $8,SHOP_301,TYPE_4
PRODUCT_635,False Yellowhead,Pink,small,9,False Yellowhead Pink small  $9,SHOP_302,TYPE_32
PRODUCT_44,Small Venus' Looking-glass,Mauv,small,6,Small Venus' Looking-glass Mauv small  $6,SHOP_302,TYPE_1
PRODUCT_248,Small-leaf Angelica,Teal,small,11,Small-leaf Angelica Teal small  $11,SHOP_303,TYPE_90
PRODUCT_162,Feathered Mosquitofern,Orange,small,10,Feathered Mosquitofern Orange small  $10,SHOP_303,TYPE_61
PRODUCT_908,Fendler's Globemallow,Turquoise,medium,10,Fendler's Globemallow Turquoise medium  $10,SHOP_304,TYPE_101
PRODUCT_628,Smallflower False Foxglove,Yellow,medium,11,Smallflower False Foxglove Yellow medium  $11,SHOP_304,TYPE_40
PRODUCT_581,Smallflower Indigo,Indigo,small,11,Smallflower Indigo Indigo small  $11,SHOP_305,TYPE_92
PRODUCT_43,Fendler's Lipfern,Green,medium,11,Fendler's Lipfern Green medium  $11,SHOP_305,TYPE_12
PRODUCT_972,Fendler's Rockcress,Red,medium,10,Fendler's Rockcress Red medium  $10,SHOP_306,TYPE_30
PRODUCT_27,Smallleaf Giant Hyssop,Purple,large,3,Smallleaf Giant Hyssop Purple large  $3,SHOP_306,TYPE_66
PRODUCT_72,Smelly Wallflower,Purple,small,7,Smelly Wallflower Purple small  $7,SHOP_307,TYPE_62
PRODUCT_4,Fernald's Beaksedge,Pink,large,9,Fernald's Beaksedge Pink large  $9,SHOP_307,TYPE_46
PRODUCT_956,Fewflower Jacob's-ladder,Aquamarine,large,10,Fewflower Jacob's-ladder Aquamarine large  $10,SHOP_308,TYPE_48
PRODUCT_809,Smooth Cat's Ear,Aquamarine,medium,9,Smooth Cat's Ear Aquamarine medium  $9,SHOP_308,TYPE_87
PRODUCT_840,Smut Grass,Puce,large,8,Smut Grass Puce large  $8,SHOP_309,TYPE_52
PRODUCT_549,Field Chickweed,Fuscia,large,8,Field Chickweed Fuscia large  $8,SHOP_309,TYPE_4
PRODUCT_977,Mauna Loa Clermontia,Puce,large,11,Mauna Loa Clermontia Puce large  $11,SHOP_31,TYPE_25
PRODUCT_490,Antilles Star Orchid,Orange,medium,6,Antilles Star Orchid Orange medium  $6,SHOP_31,TYPE_69
PRODUCT_665,Fineflower Gilia,Maroon,large,10,Fineflower Gilia Maroon large  $10,SHOP_310,TYPE_123
PRODUCT_426,Snailseed Pondweed,Purple,small,12,Snailseed Pondweed Purple small  $12,SHOP_310,TYPE_16
PRODUCT_260,Fineleaf Hymenopappus,Indigo,small,16,Fineleaf Hymenopappus Indigo small  $16,SHOP_311,TYPE_76
PRODUCT_252,Snakegourd,Khaki,small,7,Snakegourd Khaki small  $7,SHOP_311,TYPE_85
PRODUCT_885,Fineleaf Waterdropwort,Green,small,6,Fineleaf Waterdropwort Green small  $6,SHOP_312,TYPE_3
PRODUCT_39,Snow Cinquefoil,Maroon,medium,10,Snow Cinquefoil Maroon medium  $10,SHOP_312,TYPE_57
PRODUCT_579,Snow In Summer,Red,large,7,Snow In Summer Red large  $7,SHOP_313,TYPE_95
PRODUCT_241,Fisher's Tundragrass,Blue,medium,15,Fisher's Tundragrass Blue medium  $15,SHOP_313,TYPE_97
PRODUCT_637,Fiveangled Dodder,Turquoise,small,9,Fiveangled Dodder Turquoise small  $9,SHOP_314,TYPE_30
PRODUCT_474,Snowball Cactus,Indigo,large,17,Snowball Cactus Indigo large  $17,SHOP_314,TYPE_87
PRODUCT_799,Snowdrop Windflower,Aquamarine,large,6,Snowdrop Windflower Aquamarine large  $6,SHOP_315,TYPE_99
PRODUCT_201,Fivefingers,Orange,medium,9,Fivefingers Orange medium  $9,SHOP_315,TYPE_17
PRODUCT_958,Socrates Mine Jewelflower,Puce,medium,9,Socrates Mine Jewelflower Puce medium  $9,SHOP_316,TYPE_46
PRODUCT_486,Flat-top Whiteweed,Teal,small,7,Flat-top Whiteweed Teal small  $7,SHOP_316,TYPE_74
PRODUCT_582,Soft Greeneyes,Indigo,small,5,Soft Greeneyes Indigo small  $5,SHOP_317,TYPE_91
PRODUCT_546,Fleshyfruit Gladecress,Mauv,small,13,Fleshyfruit Gladecress Mauv small  $13,SHOP_317,TYPE_7
PRODUCT_952,Soft Heliotrope,Puce,small,6,Soft Heliotrope Puce small  $6,SHOP_318,TYPE_52
PRODUCT_366,Florida Biatorella Lichen,Red,small,9,Florida Biatorella Lichen Red small  $9,SHOP_318,TYPE_83
PRODUCT_730,Florida Crabgrass,Maroon,large,9,Florida Crabgrass Maroon large  $9,SHOP_319,TYPE_50
PRODUCT_668,Solenospora Lichen,Purple,medium,16,Solenospora Lichen Purple medium  $16,SHOP_319,TYPE_120
PRODUCT_932,Maurandella,Teal,small,13,Maurandella Teal small  $13,SHOP_32,TYPE_74
PRODUCT_508,Apetalous Sandwort,Pink,small,16,Apetalous Sandwort Pink small  $16,SHOP_32,TYPE_49
PRODUCT_879,Florida Scrub Roseling,Violet,medium,7,Florida Scrub Roseling Violet medium  $7,SHOP_320,TYPE_10
PRODUCT_457,Solenostemon,Turquoise,small,14,Solenostemon Turquoise small  $14,SHOP_320,TYPE_106
PRODUCT_708,Sommerfelt's Pore Lichen,Goldenrod,medium,6,Sommerfelt's Pore Lichen Goldenrod medium  $6,SHOP_321,TYPE_75
PRODUCT_667,Florida Sphagnum,Orange,small,10,Florida Sphagnum Orange small  $10,SHOP_321,TYPE_121
PRODUCT_724,Florida Vetch,Mauv,large,10,Florida Vetch Mauv large  $10,SHOP_322,TYPE_57
PRODUCT_305,Sonoran Milkvine,Maroon,medium,5,Sonoran Milkvine Maroon medium  $5,SHOP_322,TYPE_26
PRODUCT_605,Soot Lichen,Green,medium,11,Soot Lichen Green medium  $11,SHOP_323,TYPE_65
PRODUCT_243,Florida Yellowcress,Teal,medium,16,Florida Yellowcress Teal medium  $16,SHOP_323,TYPE_95
PRODUCT_901,Sour Pricklypear,Violet,medium,8,Sour Pricklypear Violet medium  $8,SHOP_324,TYPE_108
PRODUCT_822,Flowery Phlox,Maroon,medium,12,Flowery Phlox Maroon medium  $12,SHOP_324,TYPE_72
PRODUCT_721,Spanish Cherry,Goldenrod,medium,7,Spanish Cherry Goldenrod medium  $7,SHOP_325,TYPE_60
PRODUCT_114,Foldedleaf Grass,Blue,large,14,Foldedleaf Grass Blue large  $14,SHOP_325,TYPE_114
PRODUCT_499,Spanish Stenocereus,Yellow,medium,7,Spanish Stenocereus Yellow medium  $7,SHOP_326,TYPE_60
PRODUCT_211,Fonio,Red,small,12,Fonio Red small  $12,SHOP_326,TYPE_6
PRODUCT_74,Spherical Blazing Star,Pink,medium,12,Spherical Blazing Star Pink medium  $12,SHOP_327,TYPE_40
PRODUCT_548,Foul Odor Monkeyflower,Yellow,medium,8,Foul Odor Monkeyflower Yellow medium  $8,SHOP_327,TYPE_5
PRODUCT_35,Fourwing Evening Primrose,Puce,small,5,Fourwing Evening Primrose Puce small  $5,SHOP_328,TYPE_101
PRODUCT_229,Spike Trisetum,Violet,medium,9,Spike Trisetum Violet medium  $9,SHOP_328,TYPE_111
PRODUCT_964,Fox-tail Blackroot,Mauv,large,8,Fox-tail Blackroot Mauv large  $8,SHOP_329,TYPE_39
PRODUCT_592,Spiked Saxifrage,Goldenrod,small,6,Spiked Saxifrage Goldenrod small  $6,SHOP_329,TYPE_80
PRODUCT_603,Mcvicker's Gilia,Crimson,medium,11,Mcvicker's Gilia Crimson medium  $11,SHOP_33,TYPE_67
PRODUCT_363,Applegate's Rim Lichen,Pink,small,8,Applegate's Rim Lichen Pink small  $8,SHOP_33,TYPE_86
PRODUCT_258,Foxglove Beardtongue,Fuscia,medium,10,Foxglove Beardtongue Fuscia medium  $10,SHOP_330,TYPE_79
PRODUCT_239,Spleenwort,Khaki,medium,10,Spleenwort Khaki medium  $10,SHOP_330,TYPE_100
PRODUCT_642,Foxtail Millet,Puce,medium,8,Foxtail Millet Puce medium  $8,SHOP_331,TYPE_24
PRODUCT_193,Splitleaf Cyanea,Purple,medium,16,Splitleaf Cyanea Purple medium  $16,SHOP_331,TYPE_27
PRODUCT_343,Foxtail Restharrow,Maroon,medium,7,Foxtail Restharrow Maroon medium  $7,SHOP_332,TYPE_108
PRODUCT_187,Spotted African Cornlily,Orange,large,11,Spotted African Cornlily Orange large  $11,SHOP_332,TYPE_34
PRODUCT_680,Spreading Chervil,Yellow,small,10,Spreading Chervil Yellow small  $10,SHOP_333,TYPE_106
PRODUCT_326,Fragrant Pink,Maroon,medium,7,Fragrant Pink Maroon medium  $7,SHOP_333,TYPE_3
PRODUCT_969,Spreading Fanpetals,Purple,small,10,Spreading Fanpetals Purple small  $10,SHOP_334,TYPE_34
PRODUCT_712,Fremont's Desert-thorn,Crimson,medium,7,Fremont's Desert-thorn Crimson medium  $7,SHOP_334,TYPE_70
PRODUCT_782,Fringed Grass Of Parnassus,Violet,large,6,Fringed Grass Of Parnassus Violet large  $6,SHOP_335,TYPE_117
PRODUCT_689,Spreading Sedge,Aquamarine,large,7,Spreading Sedge Aquamarine large  $7,SHOP_335,TYPE_97
PRODUCT_33,Spreading Threeawn,Puce,large,10,Spreading Threeawn Puce large  $10,SHOP_336,TYPE_123
PRODUCT_306,Fringed Spineflower,Teal,medium,7,Fringed Spineflower Teal medium  $7,SHOP_336,TYPE_25
PRODUCT_436,Funtumia,Blue,large,4,Funtumia Blue large  $4,SHOP_337,TYPE_5
PRODUCT_284,Sprenger's Asparagus Fern,Red,medium,15,Sprenger's Asparagus Fern Red medium  $15,SHOP_337,TYPE_50
PRODUCT_56,Fuscidea Lichen,Green,small,14,Fuscidea Lichen Green small  $14,SHOP_338,TYPE_116
PRODUCT_478,Starrush Whitetop,Crimson,small,5,Starrush Whitetop Crimson small  $5,SHOP_338,TYPE_83
PRODUCT_574,Garberia,Khaki,small,15,Garberia Khaki small  $15,SHOP_339,TYPE_100
PRODUCT_391,Stegonia Moss,Violet,medium,15,Stegonia Moss Violet medium  $15,SHOP_339,TYPE_55
PRODUCT_512,Megalospora Lichen,Khaki,large,7,Megalospora Lichen Khaki large  $7,SHOP_34,TYPE_44
PRODUCT_292,Arboreal Leafystem Orchid,Aquamarine,medium,13,Arboreal Leafystem Orchid Aquamarine medium  $13,SHOP_34,TYPE_41
PRODUCT_24,Garden Cosmos,Purple,large,8,Garden Cosmos Purple large  $8,SHOP_340,TYPE_99
PRODUCT_172,Stevens' Fiddleleaf,Mauv,small,12,Stevens' Fiddleleaf Mauv small  $12,SHOP_340,TYPE_50
PRODUCT_963,Stevens' Lambsquarters,Puce,medium,8,Stevens' Lambsquarters Puce medium  $8,SHOP_341,TYPE_40
PRODUCT_626,Garden Sorrel,Puce,small,4,Garden Sorrel Puce small  $4,SHOP_341,TYPE_42
PRODUCT_948,Garden Vetch,Maroon,large,7,Garden Vetch Maroon large  $7,SHOP_342,TYPE_57
PRODUCT_108,Stickseed,Yellow,small,10,Stickseed Yellow small  $10,SHOP_342,TYPE_121
PRODUCT_355,Sticky Dicranella Moss,Turquoise,medium,11,Sticky Dicranella Moss Turquoise medium  $11,SHOP_343,TYPE_95
PRODUCT_106,German-madwort,Green,medium,4,German-madwort Green medium  $4,SHOP_343,TYPE_123
PRODUCT_942,Germander,Crimson,medium,10,Germander Crimson medium  $10,SHOP_344,TYPE_63
PRODUCT_633,Sticky Skullcap,Yellow,medium,10,Sticky Skullcap Yellow medium  $10,SHOP_344,TYPE_34
PRODUCT_419,Stiff Bristle Fern,Violet,medium,11,Stiff Bristle Fern Violet medium  $11,SHOP_345,TYPE_24
PRODUCT_236,Giant Coreopsis,Turquoise,medium,9,Giant Coreopsis Turquoise medium  $9,SHOP_345,TYPE_103
PRODUCT_796,Giant Orchid,Maroon,small,11,Giant Orchid Maroon small  $11,SHOP_346,TYPE_102
PRODUCT_297,Stinking Chamomile,Green,medium,9,Stinking Chamomile Green medium  $9,SHOP_346,TYPE_36
PRODUCT_971,Giant Shield Lichen,Goldenrod,medium,7,Giant Shield Lichen Goldenrod medium  $7,SHOP_347,TYPE_31
PRODUCT_235,Strapfern,Yellow,small,11,Strapfern Yellow small  $11,SHOP_347,TYPE_104
PRODUCT_877,Ginseng,Orange,medium,7,Ginseng Orange medium  $7,SHOP_348,TYPE_12
PRODUCT_493,Streambed Phyllostegia,Maroon,small,8,Streambed Phyllostegia Maroon small  $8,SHOP_348,TYPE_66
PRODUCT_808,Glandular Clover,Puce,medium,13,Glandular Clover Puce medium  $13,SHOP_349,TYPE_88
PRODUCT_262,Subalpine Fleabane,Fuscia,large,12,Subalpine Fleabane Fuscia large  $12,SHOP_349,TYPE_74
PRODUCT_978,Arctic Alkaligrass,Mauv,medium,12,Arctic Alkaligrass Mauv medium  $12,SHOP_35,TYPE_24
PRODUCT_564,Menzies' Larkspur,Fuscia,medium,10,Menzies' Larkspur Fuscia medium  $10,SHOP_35,TYPE_111
PRODUCT_836,Sudex,Fuscia,medium,11,Sudex Fuscia medium  $11,SHOP_350,TYPE_57
PRODUCT_644,Glaucous Umbrellawort,Orange,large,9,Glaucous Umbrellawort Orange large  $9,SHOP_350,TYPE_22
PRODUCT_576,Globe Ball Lichen,Orange,small,9,Globe Ball Lichen Orange small  $9,SHOP_351,TYPE_98
PRODUCT_191,Suksdorf Woodsorrel,Indigo,small,11,Suksdorf Woodsorrel Indigo small  $11,SHOP_351,TYPE_29
PRODUCT_538,Sulphur-flower Buckwheat,Purple,large,6,Sulphur-flower Buckwheat Purple large  $6,SHOP_352,TYPE_16
PRODUCT_152,Globemallow,Blue,small,11,Globemallow Blue small  $11,SHOP_352,TYPE_72
PRODUCT_770,Sunflower,Fuscia,large,9,Sunflower Fuscia large  $9,SHOP_353,TYPE_6
PRODUCT_65,Glorybower,Maroon,small,10,Glorybower Maroon small  $10,SHOP_353,TYPE_16
PRODUCT_924,Surinam Campylopus Moss,Fuscia,large,6,Surinam Campylopus Moss Fuscia large  $6,SHOP_354,TYPE_83
PRODUCT_498,Gluta,Pink,medium,8,Gluta Pink medium  $8,SHOP_354,TYPE_61
PRODUCT_933,Goatbush,Pink,large,11,Goatbush Pink large  $11,SHOP_355,TYPE_73
PRODUCT_2,Swamp Blackberry,Turquoise,small,8,Swamp Blackberry Turquoise small  $8,SHOP_355,TYPE_20
PRODUCT_731,Golden Brodiaea,Purple,small,16,Golden Brodiaea Purple small  $16,SHOP_356,TYPE_49
PRODUCT_206,Swamp Boreal-daisy,Goldenrod,medium,14,Swamp Boreal-daisy Goldenrod medium  $14,SHOP_356,TYPE_12
PRODUCT_946,Swamp Lousewort,Blue,large,13,Swamp Lousewort Blue large  $13,SHOP_357,TYPE_59
PRODUCT_900,Golden Chain Tree,Green,large,8,Golden Chain Tree Green large  $8,SHOP_357,TYPE_109
PRODUCT_621,Swampmahogany,Khaki,large,5,Swampmahogany Khaki large  $5,SHOP_358,TYPE_47
PRODUCT_318,Golden Larch,Mauv,large,6,Golden Larch Mauv large  $6,SHOP_358,TYPE_12
PRODUCT_831,Sweet Almond,Puce,small,13,Sweet Almond Puce small  $13,SHOP_359,TYPE_62
PRODUCT_687,Goldencarpet Buckwheat,Mauv,small,16,Goldencarpet Buckwheat Mauv small  $16,SHOP_359,TYPE_99
PRODUCT_507,Mesa Pepperwort,Mauv,small,6,Mesa Pepperwort Mauv small  $6,SHOP_36,TYPE_50
PRODUCT_346,Arctic Bluegrass,Purple,small,12,Arctic Bluegrass Purple small  $12,SHOP_36,TYPE_105
PRODUCT_481,Goldenflower Century Plant,Green,medium,14,Goldenflower Century Plant Green medium  $14,SHOP_360,TYPE_79
PRODUCT_245,Sweet Woodreed,Maroon,large,9,Sweet Woodreed Maroon large  $9,SHOP_360,TYPE_93
PRODUCT_950,Goldenrod,Blue,small,5,Goldenrod Blue small  $5,SHOP_361,TYPE_54
PRODUCT_852,Sweetflag,Khaki,small,9,Sweetflag Khaki small  $9,SHOP_361,TYPE_39
PRODUCT_568,Goldenweed,Crimson,small,7,Goldenweed Crimson small  $7,SHOP_362,TYPE_107
PRODUCT_36,Sycamoreleaf Snowbell,Pink,medium,10,Sycamoreleaf Snowbell Pink medium  $10,SHOP_362,TYPE_90
PRODUCT_575,Goodding's Willow,Khaki,small,10,Goodding's Willow Khaki small  $10,SHOP_363,TYPE_99
PRODUCT_503,Szechuan White Birch,Mauv,large,13,Szechuan White Birch Mauv large  $13,SHOP_363,TYPE_54
PRODUCT_442,Gray's Feverfew,Goldenrod,small,6,Gray's Feverfew Goldenrod small  $6,SHOP_364,TYPE_122
PRODUCT_281,Tapertip Liveforever,Blue,medium,8,Tapertip Liveforever Blue medium  $8,SHOP_364,TYPE_53
PRODUCT_911,Grayleaf Skullcap,Pink,large,11,Grayleaf Skullcap Pink large  $11,SHOP_365,TYPE_97
PRODUCT_266,Tehachapi Woollystar,Crimson,medium,8,Tehachapi Woollystar Crimson medium  $8,SHOP_365,TYPE_70
PRODUCT_914,Great Basin Bristlecone Pine,Blue,small,12,Great Basin Bristlecone Pine Blue small  $12,SHOP_366,TYPE_94
PRODUCT_253,Tepary Bean,Turquoise,small,14,Tepary Bean Turquoise small  $14,SHOP_366,TYPE_84
PRODUCT_429,Terete Skin Lichen,Crimson,small,16,Terete Skin Lichen Crimson small  $16,SHOP_367,TYPE_13
PRODUCT_286,Green Medusa Orchid,Khaki,small,14,Green Medusa Orchid Khaki small  $14,SHOP_367,TYPE_48
PRODUCT_930,Green Princesplume,Fuscia,large,8,Green Princesplume Fuscia large  $8,SHOP_368,TYPE_76
PRODUCT_371,Texan Hogplum,Blue,small,8,Texan Hogplum Blue small  $8,SHOP_368,TYPE_77
PRODUCT_983,Greene's Bird's-foot Trefoil,Teal,small,11,Greene's Bird's-foot Trefoil Teal small  $11,SHOP_369,TYPE_18
PRODUCT_844,Texas Paloverde,Goldenrod,small,7,Texas Paloverde Goldenrod small  $7,SHOP_369,TYPE_48
PRODUCT_937,Mexican Bedstraw,Pink,large,8,Mexican Bedstraw Pink large  $8,SHOP_37,TYPE_69
PRODUCT_158,Arizona Rosemallow,Fuscia,small,11,Arizona Rosemallow Fuscia small  $11,SHOP_37,TYPE_66
PRODUCT_850,Texas Ringstem,Puce,small,8,Texas Ringstem Puce small  $8,SHOP_370,TYPE_41
PRODUCT_451,Gregg's Poreleaf,Green,small,13,Gregg's Poreleaf Green small  $13,SHOP_370,TYPE_112
PRODUCT_638,Texas Townsend Daisy,Crimson,medium,10,Texas Townsend Daisy Crimson medium  $10,SHOP_371,TYPE_29
PRODUCT_242,Grimmia Crabseye Lichen,Yellow,large,7,Grimmia Crabseye Lichen Yellow large  $7,SHOP_371,TYPE_96
PRODUCT_68,Texas Varilla,Turquoise,large,5,Texas Varilla Turquoise large  $5,SHOP_372,TYPE_107
PRODUCT_522,Grisebach's Swallow-wort,Red,small,8,Grisebach's Swallow-wort Red small  $8,SHOP_372,TYPE_33
PRODUCT_870,Ground Rose,Fuscia,small,10,Ground Rose Fuscia small  $10,SHOP_373,TYPE_19
PRODUCT_647,Thelomma Lichen,Teal,large,10,Thelomma Lichen Teal large  $10,SHOP_373,TYPE_19
PRODUCT_67,Thicket Anoda,Red,large,10,Thicket Anoda Red large  $10,SHOP_374,TYPE_118
PRODUCT_440,Guadalupe Violet,Teal,large,9,Guadalupe Violet Teal large  $9,SHOP_374,TYPE_124
PRODUCT_965,Thicket Panicgrass,Crimson,medium,10,Thicket Panicgrass Crimson medium  $10,SHOP_375,TYPE_38
PRODUCT_889,Guama Venezolano,Goldenrod,large,10,Guama Venezolano Goldenrod large  $10,SHOP_375,TYPE_123
PRODUCT_69,Guar,Crimson,medium,5,Guar Crimson medium  $5,SHOP_376,TYPE_96
PRODUCT_672,Thickleaf Water-willow,Teal,medium,9,Thickleaf Water-willow Teal medium  $9,SHOP_376,TYPE_115
PRODUCT_662,Thistle Cholla,Violet,medium,9,Thistle Cholla Violet medium  $9,SHOP_377,TYPE_2
PRODUCT_450,Guayabota De Fajardo,Goldenrod,small,11,Guayabota De Fajardo Goldenrod small  $11,SHOP_377,TYPE_113
PRODUCT_280,Thomson's Calcareous Moss,Puce,small,6,Thomson's Calcareous Moss Puce small  $6,SHOP_378,TYPE_54
PRODUCT_251,Gunnison's Mariposa Lily,Green,medium,13,Gunnison's Mariposa Lily Green medium  $13,SHOP_378,TYPE_86
PRODUCT_80,Thornber's Buckhorn Cholla,Aquamarine,large,10,Thornber's Buckhorn Cholla Aquamarine large  $10,SHOP_379,TYPE_97
PRODUCT_664,Gypsum Blazingstar,Turquoise,large,7,Gypsum Blazingstar Turquoise large  $7,SHOP_379,TYPE_124
PRODUCT_330,Arizona Willow,Yellow,medium,12,Arizona Willow Yellow medium  $12,SHOP_38,TYPE_122
PRODUCT_120,Mexican Blue Oak,Fuscia,small,7,Mexican Blue Oak Fuscia small  $7,SHOP_38,TYPE_107
PRODUCT_83,Hairy False Goldenaster,Mauv,large,14,Hairy False Goldenaster Mauv large  $14,SHOP_380,TYPE_64
PRODUCT_142,Thornber's Nipple Cactus,Red,large,14,Thornber's Nipple Cactus Red large  $14,SHOP_380,TYPE_83
PRODUCT_393,Thorne's Beaksedge,Pink,large,5,Thorne's Beaksedge Pink large  $5,SHOP_381,TYPE_53
PRODUCT_153,Hairy Forked Nailwort,Indigo,small,12,Hairy Forked Nailwort Indigo small  $12,SHOP_381,TYPE_71
PRODUCT_826,Thread Lichen,Turquoise,small,14,Thread Lichen Turquoise small  $14,SHOP_382,TYPE_68
PRODUCT_795,Hairy Four O'clock,Maroon,medium,9,Hairy Four O'clock Maroon medium  $9,SHOP_382,TYPE_103
PRODUCT_641,Hairy Gumweed,Maroon,large,10,Hairy Gumweed Maroon large  $10,SHOP_383,TYPE_25
PRODUCT_613,Threadstem Pincushionplant,Khaki,medium,12,Threadstem Pincushionplant Khaki medium  $12,SHOP_383,TYPE_56
PRODUCT_992,Hairy Hedgenettle,Maroon,small,6,Hairy Hedgenettle Maroon small  $6,SHOP_384,TYPE_8
PRODUCT_927,Thurber's Stemsucker,Yellow,large,9,Thurber's Stemsucker Yellow large  $9,SHOP_384,TYPE_80
PRODUCT_655,Thyme,Puce,medium,6,Thyme Puce medium  $6,SHOP_385,TYPE_10
PRODUCT_515,Hairy Sunflower,Violet,small,8,Hairy Sunflower Violet small  $8,SHOP_385,TYPE_41
PRODUCT_824,Hairyfruit Sedge,Aquamarine,medium,9,Hairyfruit Sedge Aquamarine medium  $9,SHOP_386,TYPE_70
PRODUCT_388,Tigertongue,Indigo,small,13,Tigertongue Indigo small  $13,SHOP_386,TYPE_59
PRODUCT_745,Tilesius' Wormwood,Purple,small,7,Tilesius' Wormwood Purple small  $7,SHOP_387,TYPE_34
PRODUCT_160,Haleakala Melicope,Turquoise,small,7,Haleakala Melicope Turquoise small  $7,SHOP_387,TYPE_63
PRODUCT_77,Handsome Cryptantha,Teal,small,11,Handsome Cryptantha Teal small  $11,SHOP_388,TYPE_7
PRODUCT_226,Tiny Bluet,Teal,large,5,Tiny Bluet Teal large  $5,SHOP_388,TYPE_114
PRODUCT_771,Hart's Tonguefern,Violet,medium,16,Hart's Tonguefern Violet medium  $16,SHOP_389,TYPE_5
PRODUCT_765,Tipularia,Turquoise,large,5,Tipularia Turquoise large  $5,SHOP_389,TYPE_12
PRODUCT_968,Mexican Plantain,Orange,large,8,Mexican Plantain Orange large  $8,SHOP_39,TYPE_35
PRODUCT_17,Arrowhead Maiden Fern,Fuscia,medium,4,Arrowhead Maiden Fern Fuscia medium  $4,SHOP_39,TYPE_53
PRODUCT_727,Hartweg's Sundrops,Red,large,7,Hartweg's Sundrops Red large  $7,SHOP_390,TYPE_54
PRODUCT_455,Toadflax Beardtongue,Puce,medium,11,Toadflax Beardtongue Puce medium  $11,SHOP_390,TYPE_108
PRODUCT_748,Toothed Onion,Puce,medium,9,Toothed Onion Puce medium  $9,SHOP_391,TYPE_31
PRODUCT_480,Harwood's Milkvetch,Khaki,large,11,Harwood's Milkvetch Khaki large  $11,SHOP_391,TYPE_80
PRODUCT_51,Hawai'i Alectryon,Maroon,small,10,Hawai'i Alectryon Maroon small  $10,SHOP_392,TYPE_47
PRODUCT_496,Tortoiseshell Bamboo,Mauv,small,12,Tortoiseshell Bamboo Mauv small  $12,SHOP_392,TYPE_63
PRODUCT_940,Hawai'i Woodfern,Puce,small,11,Hawai'i Woodfern Puce small  $11,SHOP_393,TYPE_65
PRODUCT_555,Trachybryum Moss,Purple,small,15,Trachybryum Moss Purple small  $15,SHOP_393,TYPE_121
PRODUCT_979,Hawkbit,Violet,large,5,Hawkbit Violet large  $5,SHOP_394,TYPE_23
PRODUCT_148,Tracy's Beaksedge,Fuscia,medium,7,Tracy's Beaksedge Fuscia medium  $7,SHOP_394,TYPE_77
PRODUCT_804,Hawkweed,Aquamarine,small,11,Hawkweed Aquamarine small  $11,SHOP_395,TYPE_92
PRODUCT_606,Tracy's Collomia,Khaki,small,11,Tracy's Collomia Khaki small  $11,SHOP_395,TYPE_64
PRODUCT_909,Trailing Pearlwort,Purple,small,14,Trailing Pearlwort Purple small  $14,SHOP_396,TYPE_100
PRODUCT_473,Hazel Alder,Red,medium,8,Hazel Alder Red medium  $8,SHOP_396,TYPE_88
PRODUCT_57,Trans-pecos Spiderwort,Pink,large,9,Trans-pecos Spiderwort Pink large  $9,SHOP_397,TYPE_105
PRODUCT_145,Hazel Dodder,Turquoise,medium,12,Hazel Dodder Turquoise medium  $12,SHOP_397,TYPE_80
PRODUCT_923,Heal And Draw,Red,small,10,Heal And Draw Red small  $10,SHOP_398,TYPE_84
PRODUCT_550,Trans-pecos Thimblehead,Aquamarine,small,10,Trans-pecos Thimblehead Aquamarine small  $10,SHOP_398,TYPE_2
PRODUCT_693,Tree Crabseye Lichen,Indigo,small,9,Tree Crabseye Lichen Indigo small  $9,SHOP_399,TYPE_92
PRODUCT_54,Heartleaf Skullcap,Green,small,8,Heartleaf Skullcap Green small  $8,SHOP_399,TYPE_14
PRODUCT_834,African-queen,Indigo,medium,10,African-queen Indigo medium  $10,SHOP_4,TYPE_59
PRODUCT_347,Longtom,Goldenrod,small,8,Longtom Goldenrod small  $8,SHOP_4,TYPE_104
PRODUCT_629,Michaux's Croton,Maroon,small,11,Michaux's Croton Maroon small  $11,SHOP_40,TYPE_39
PRODUCT_246,Arrowleaf Butterfly Pea,Violet,large,11,Arrowleaf Butterfly Pea Violet large  $11,SHOP_40,TYPE_92
PRODUCT_936,Heartleaf Twayblade,Turquoise,medium,7,Heartleaf Twayblade Turquoise medium  $7,SHOP_400,TYPE_70
PRODUCT_559,Tree Tobacco,Goldenrod,small,7,Tree Tobacco Goldenrod small  $7,SHOP_400,TYPE_117
PRODUCT_92,Helianthella,Goldenrod,large,12,Helianthella Goldenrod large  $12,SHOP_401,TYPE_88
PRODUCT_254,Treetrunk Fern,Blue,small,12,Treetrunk Fern Blue small  $12,SHOP_401,TYPE_83
PRODUCT_998,Triangleleaf Lipfern,Crimson,small,12,Triangleleaf Lipfern Crimson small  $12,SHOP_402,TYPE_2
PRODUCT_761,Heliotrope,Green,medium,4,Heliotrope Green medium  $4,SHOP_402,TYPE_16
PRODUCT_777,Tricyrtis,Maroon,large,14,Tricyrtis Maroon large  $14,SHOP_403,TYPE_123
PRODUCT_456,Henderson's Needlegrass,Red,small,11,Henderson's Needlegrass Red small  $11,SHOP_403,TYPE_107
PRODUCT_922,Tropical Waterwillow,Purple,large,12,Tropical Waterwillow Purple large  $12,SHOP_404,TYPE_85
PRODUCT_176,Henequen,Purple,large,12,Henequen Purple large  $12,SHOP_404,TYPE_46
PRODUCT_737,Trujillo Coca,Aquamarine,small,7,Trujillo Coca Aquamarine small  $7,SHOP_405,TYPE_43
PRODUCT_678,Hester's Foxtail Cactus,Orange,medium,14,Hester's Foxtail Cactus Orange medium  $14,SHOP_405,TYPE_109
PRODUCT_59,Trumpet Tree,Blue,small,11,Trumpet Tree Blue small  $11,SHOP_406,TYPE_83
PRODUCT_12,Heterocladium Moss,Fuscia,large,10,Heterocladium Moss Fuscia large  $10,SHOP_406,TYPE_108
PRODUCT_884,Hians Goosefoot,Khaki,large,11,Hians Goosefoot Khaki large  $11,SHOP_407,TYPE_4
PRODUCT_10,Trumpet-tree,Pink,medium,8,Trumpet-tree Pink medium  $8,SHOP_407,TYPE_57
PRODUCT_967,Tufted Alpine Saxifrage,Orange,small,16,Tufted Alpine Saxifrage Orange small  $16,SHOP_408,TYPE_36
PRODUCT_669,Highbush Blueberry,Yellow,medium,7,Highbush Blueberry Yellow medium  $7,SHOP_408,TYPE_119
PRODUCT_991,Hilgard's Suncup,Turquoise,medium,6,Hilgard's Suncup Turquoise medium  $6,SHOP_409,TYPE_9
PRODUCT_439,Tufted Globe Amaranth,Indigo,medium,12,Tufted Globe Amaranth Indigo medium  $12,SHOP_409,TYPE_2
PRODUCT_801,Ashy Sandmat,Khaki,small,13,Ashy Sandmat Khaki small  $13,SHOP_41,TYPE_95
PRODUCT_513,Mignonette,Orange,small,8,Mignonette Orange small  $8,SHOP_41,TYPE_43
PRODUCT_987,Tufted Poppy,Orange,medium,12,Tufted Poppy Orange medium  $12,SHOP_410,TYPE_14
PRODUCT_570,Hinahina Kahakai,Violet,large,8,Hinahina Kahakai Violet large  $8,SHOP_410,TYPE_104
PRODUCT_685,Hippo Grass,Khaki,medium,12,Hippo Grass Khaki medium  $12,SHOP_411,TYPE_101
PRODUCT_45,Tufted Yellow Woodsorrel,Turquoise,large,14,Tufted Yellow Woodsorrel Turquoise large  $14,SHOP_411,TYPE_114
PRODUCT_873,Tuliptree,Goldenrod,large,8,Tuliptree Goldenrod large  $8,SHOP_412,TYPE_16
PRODUCT_758,Hispaniolan Spleenwort,Maroon,medium,10,Hispaniolan Spleenwort Maroon medium  $10,SHOP_412,TYPE_20
PRODUCT_925,Hoary Fleabane,Turquoise,large,6,Hoary Fleabane Turquoise large  $6,SHOP_413,TYPE_82
PRODUCT_798,Tumble Lovegrass,Puce,small,10,Tumble Lovegrass Puce small  $10,SHOP_413,TYPE_100
PRODUCT_661,Hoary Milkpea,Goldenrod,small,11,Hoary Milkpea Goldenrod small  $11,SHOP_414,TYPE_3
PRODUCT_400,Tundra Alkaligrass,Red,medium,11,Tundra Alkaligrass Red medium  $11,SHOP_414,TYPE_44
PRODUCT_986,Hogwort,Yellow,large,8,Hogwort Yellow large  $8,SHOP_415,TYPE_15
PRODUCT_820,Tundra Wildrye,Turquoise,small,14,Tundra Wildrye Turquoise small  $14,SHOP_415,TYPE_74
PRODUCT_716,Uahiapele,Fuscia,small,4,Uahiapele Fuscia small  $4,SHOP_416,TYPE_66
PRODUCT_364,Hollyleaf Buckthorn,Blue,medium,12,Hollyleaf Buckthorn Blue medium  $12,SHOP_416,TYPE_85
PRODUCT_255,Holmgren's Lupine,Goldenrod,medium,7,Holmgren's Lupine Goldenrod medium  $7,SHOP_417,TYPE_82
PRODUCT_112,Uinta Basin Hookless Cactus,Crimson,medium,14,Uinta Basin Hookless Cactus Crimson medium  $14,SHOP_417,TYPE_116
PRODUCT_676,Hooked Pincushionplant,Indigo,small,10,Hooked Pincushionplant Indigo small  $10,SHOP_418,TYPE_111
PRODUCT_584,Umpqua Mariposa Lily,Indigo,small,8,Umpqua Mariposa Lily Indigo small  $8,SHOP_418,TYPE_89
PRODUCT_890,Hooker's Manzanita,Teal,medium,7,Hooker's Manzanita Teal medium  $7,SHOP_419,TYPE_121
PRODUCT_332,Upland Cyrtandra,Turquoise,medium,10,Upland Cyrtandra Turquoise medium  $10,SHOP_419,TYPE_120
PRODUCT_95,Asiatic Dock,Turquoise,medium,5,Asiatic Dock Turquoise medium  $5,SHOP_42,TYPE_55
PRODUCT_352,Mildred's Clarkia,Mauv,medium,13,Mildred's Clarkia Mauv medium  $13,SHOP_42,TYPE_98
PRODUCT_934,Horned Spurge,Fuscia,medium,8,Horned Spurge Fuscia medium  $8,SHOP_420,TYPE_72
PRODUCT_147,Vail Lake Ceanothus,Red,medium,16,Vail Lake Ceanothus Red medium  $16,SHOP_420,TYPE_78
PRODUCT_600,Valley Redstem,Mauv,large,8,Valley Redstem Mauv large  $8,SHOP_421,TYPE_70
PRODUCT_482,Howell's Triteleia,Fuscia,small,9,Howell's Triteleia Fuscia small  $9,SHOP_421,TYPE_78
PRODUCT_525,Variegated-bract Blazingstar,Pink,large,15,Variegated-bract Blazingstar Pink large  $15,SHOP_422,TYPE_30
PRODUCT_215,Hybrid Oak,Khaki,medium,14,Hybrid Oak Khaki medium  $14,SHOP_422,TYPE_2
PRODUCT_786,Hybrid Oak,Puce,medium,11,Hybrid Oak Puce medium  $11,SHOP_423,TYPE_113
PRODUCT_774,Varileaf Phacelia,Violet,small,8,Varileaf Phacelia Violet small  $8,SHOP_423,TYPE_2
PRODUCT_980,Hybrid Oak,Turquoise,medium,4,Hybrid Oak Turquoise medium  $4,SHOP_424,TYPE_21
PRODUCT_810,Velvetleaf,Indigo,small,10,Velvetleaf Indigo small  $10,SHOP_424,TYPE_85
PRODUCT_779,Hybrid Oak,Violet,large,12,Hybrid Oak Violet large  $12,SHOP_425,TYPE_121
PRODUCT_536,Velvety Goldenrod,Puce,small,11,Velvety Goldenrod Puce small  $11,SHOP_425,TYPE_18
PRODUCT_842,Hybrid Rose,Yellow,small,10,Hybrid Rose Yellow small  $10,SHOP_426,TYPE_50
PRODUCT_324,Waianae Range Pepperwort,Aquamarine,medium,13,Waianae Range Pepperwort Aquamarine medium  $13,SHOP_426,TYPE_5
PRODUCT_553,Hybrid Violet,Teal,large,7,Hybrid Violet Teal large  $7,SHOP_427,TYPE_123
PRODUCT_1,Waimea Canyon Nehe,Crimson,large,13,Waimea Canyon Nehe Crimson large  $13,SHOP_427,TYPE_58
PRODUCT_997,Wand Tarbush,Mauv,medium,8,Wand Tarbush Mauv medium  $8,SHOP_428,TYPE_3
PRODUCT_361,Hydrothyria Lichen,Pink,medium,7,Hydrothyria Lichen Pink medium  $7,SHOP_428,TYPE_88
PRODUCT_806,Warnock's Prairie Clover,Teal,large,12,Warnock's Prairie Clover Teal large  $12,SHOP_429,TYPE_90
PRODUCT_792,Hyparrhenia,Turquoise,large,9,Hyparrhenia Turquoise large  $9,SHOP_429,TYPE_106
PRODUCT_780,Asiatic Tearthumb,Puce,medium,15,Asiatic Tearthumb Puce medium  $15,SHOP_43,TYPE_119
PRODUCT_588,Miniature Barrel Cactus,Orange,medium,8,Miniature Barrel Cactus Orange medium  $8,SHOP_43,TYPE_85
PRODUCT_863,Idaho Frasera,Purple,large,11,Idaho Frasera Purple large  $11,SHOP_430,TYPE_27
PRODUCT_430,Wart Lichen,Purple,small,11,Wart Lichen Purple small  $11,SHOP_430,TYPE_11
PRODUCT_871,Idaho Milkvetch,Maroon,small,17,Idaho Milkvetch Maroon small  $17,SHOP_431,TYPE_18
PRODUCT_264,Wart Lichen,Violet,large,11,Wart Lichen Violet large  $11,SHOP_431,TYPE_72
PRODUCT_569,Wart Lichen,Violet,large,5,Wart Lichen Violet large  $5,SHOP_432,TYPE_106
PRODUCT_462,Idaho Milkvetch,Purple,large,12,Idaho Milkvetch Purple large  $12,SHOP_432,TYPE_100
PRODUCT_775,Indian Blanket,Purple,small,6,Indian Blanket Purple small  $6,SHOP_433,TYPE_1
PRODUCT_484,Washerwoman,Yellow,large,10,Washerwoman Yellow large  $10,SHOP_433,TYPE_76
PRODUCT_208,Indian Headdress,Fuscia,large,15,Indian Headdress Fuscia large  $15,SHOP_434,TYPE_10
PRODUCT_125,Washington Lily,Turquoise,large,13,Washington Lily Turquoise large  $13,SHOP_434,TYPE_102
PRODUCT_981,Washington Monkeyflower,Goldenrod,large,10,Washington Monkeyflower Goldenrod large  $10,SHOP_435,TYPE_20
PRODUCT_682,Indian Headdress,Teal,small,12,Indian Headdress Teal small  $12,SHOP_435,TYPE_104
PRODUCT_96,Water Tupelo,Yellow,small,11,Water Tupelo Yellow small  $11,SHOP_436,TYPE_44
PRODUCT_131,Intermediate Plagiomnium Moss,Maroon,small,8,Intermediate Plagiomnium Moss Maroon small  $8,SHOP_436,TYPE_95
PRODUCT_623,Waterer's Cotoneaster,Aquamarine,small,11,Waterer's Cotoneaster Aquamarine small  $11,SHOP_437,TYPE_45
PRODUCT_123,Intermediate Wheatgrass,Pink,large,10,Intermediate Wheatgrass Pink large  $10,SHOP_437,TYPE_104
PRODUCT_396,Ironwort,Pink,medium,6,Ironwort Pink medium  $6,SHOP_438,TYPE_50
PRODUCT_22,Watson's Desertparsley,Orange,medium,14,Watson's Desertparsley Orange medium  $14,SHOP_438,TYPE_121
PRODUCT_597,Wavy Hairgrass,Maroon,large,9,Wavy Hairgrass Maroon large  $9,SHOP_439,TYPE_75
PRODUCT_357,Island Orange Lichen,Violet,small,17,Island Orange Lichen Violet small  $17,SHOP_439,TYPE_93
PRODUCT_886,Missouri Fontinalis Moss,Yellow,large,15,Missouri Fontinalis Moss Yellow large  $15,SHOP_44,TYPE_2
PRODUCT_817,Aster,Crimson,large,11,Aster Crimson large  $11,SHOP_44,TYPE_78
PRODUCT_540,Ivy Gourd,Maroon,small,7,Ivy Gourd Maroon small  $7,SHOP_440,TYPE_13
PRODUCT_293,Wavyleaf Indian Paintbrush,Indigo,medium,11,Wavyleaf Indian Paintbrush Indigo medium  $11,SHOP_440,TYPE_40
PRODUCT_918,Jack In The Pulpit,Goldenrod,medium,10,Jack In The Pulpit Goldenrod medium  $10,SHOP_441,TYPE_90
PRODUCT_126,Wayside Aster,Orange,small,10,Wayside Aster Orange small  $10,SHOP_441,TYPE_101
PRODUCT_837,Jack Pine,Violet,small,10,Jack Pine Violet small  $10,SHOP_442,TYPE_56
PRODUCT_198,Weak Stellate Sedge,Yellow,medium,7,Weak Stellate Sedge Yellow medium  $7,SHOP_442,TYPE_22
PRODUCT_78,Jaeger's Mousetail,Blue,small,5,Jaeger's Mousetail Blue small  $5,SHOP_443,TYPE_120
PRODUCT_423,West Indian Mahogany,Fuscia,small,9,West Indian Mahogany Fuscia small  $9,SHOP_443,TYPE_19
PRODUCT_742,West Indian Tonguefern,Red,small,8,West Indian Tonguefern Red small  $8,SHOP_444,TYPE_37
PRODUCT_269,Jaegerina Moss,Purple,medium,7,Jaegerina Moss Purple medium  $7,SHOP_444,TYPE_67
PRODUCT_387,James' Buckwheat,Yellow,large,7,James' Buckwheat Yellow large  $7,SHOP_445,TYPE_60
PRODUCT_170,West Indian Woodsorrel,Khaki,medium,12,West Indian Woodsorrel Khaki medium  $12,SHOP_445,TYPE_52
PRODUCT_46,Western Clubmoss,Purple,large,8,Western Clubmoss Purple large  $8,SHOP_446,TYPE_103
PRODUCT_265,James' Clammyweed,Violet,medium,9,James' Clammyweed Violet medium  $9,SHOP_446,TYPE_71
PRODUCT_467,Western Dock,Teal,medium,10,Western Dock Teal medium  $10,SHOP_447,TYPE_95
PRODUCT_159,Japanese Elm,Puce,medium,7,Japanese Elm Puce medium  $7,SHOP_447,TYPE_65
PRODUCT_93,Western Fumitory,Indigo,small,8,Western Fumitory Indigo small  $8,SHOP_448,TYPE_77
PRODUCT_488,Japanese Skimmia,Maroon,small,14,Japanese Skimmia Maroon small  $14,SHOP_448,TYPE_72
PRODUCT_271,Western Greenviolet,Puce,small,11,Western Greenviolet Puce small  $11,SHOP_449,TYPE_64
PRODUCT_144,Jepson's Monkeyflower,Violet,large,16,Jepson's Monkeyflower Violet large  $16,SHOP_449,TYPE_81
PRODUCT_876,Atlantic Poison Oak,Aquamarine,large,8,Atlantic Poison Oak Aquamarine large  $8,SHOP_45,TYPE_13
PRODUCT_753,Mistmaiden,Teal,medium,7,Mistmaiden Teal medium  $7,SHOP_45,TYPE_25
PRODUCT_856,Jessica's Aster,Maroon,medium,10,Jessica's Aster Maroon medium  $10,SHOP_450,TYPE_35
PRODUCT_296,Western Moss Heather,Aquamarine,large,7,Western Moss Heather Aquamarine large  $7,SHOP_450,TYPE_37
PRODUCT_189,Western Ponysfoot,Fuscia,small,9,Western Ponysfoot Fuscia small  $9,SHOP_451,TYPE_32
PRODUCT_115,Joshua Tree,Orange,large,10,Joshua Tree Orange large  $10,SHOP_451,TYPE_113
PRODUCT_395,Western Quillwort,Maroon,medium,9,Western Quillwort Maroon medium  $9,SHOP_452,TYPE_51
PRODUCT_263,Jumping Cholla,Yellow,medium,12,Jumping Cholla Yellow medium  $12,SHOP_452,TYPE_73
PRODUCT_888,Western Trailing Ticktrefoil,Green,large,14,Western Trailing Ticktrefoil Green large  $14,SHOP_453,TYPE_124
PRODUCT_171,Kaibab Plateau Indian Paintbrush,Blue,small,11,Kaibab Plateau Indian Paintbrush Blue small  $11,SHOP_453,TYPE_51
PRODUCT_898,Kaibab Pussytoes,Yellow,medium,8,Kaibab Pussytoes Yellow medium  $8,SHOP_454,TYPE_113
PRODUCT_381,Western Valerian,Purple,large,4,Western Valerian Purple large  $4,SHOP_454,TYPE_66
PRODUCT_962,Karroothorn,Green,large,8,Karroothorn Green large  $8,SHOP_455,TYPE_41
PRODUCT_855,White Avens,Yellow,large,6,White Avens Yellow large  $6,SHOP_455,TYPE_36
PRODUCT_70,White Blue Eyed Mary,Violet,large,9,White Blue Eyed Mary Violet large  $9,SHOP_456,TYPE_84
PRODUCT_404,Kauai Digit Fern,Pink,small,7,Kauai Digit Fern Pink small  $7,SHOP_456,TYPE_40
PRODUCT_833,White Bully,Maroon,small,9,White Bully Maroon small  $9,SHOP_457,TYPE_60
PRODUCT_704,Kirschsteiniothelia Lichen,Blue,medium,12,Kirschsteiniothelia Lichen Blue medium  $12,SHOP_457,TYPE_79
PRODUCT_466,White Checkerbloom,Puce,large,10,White Checkerbloom Puce large  $10,SHOP_458,TYPE_96
PRODUCT_196,Kleingrass,Red,small,11,Kleingrass Red small  $11,SHOP_458,TYPE_24
PRODUCT_895,Knapweed,Green,medium,9,Knapweed Green medium  $9,SHOP_459,TYPE_116
PRODUCT_55,White Checkerbloom,Yellow,medium,10,White Checkerbloom Yellow medium  $10,SHOP_459,TYPE_3
PRODUCT_767,Aulacomnium Moss,Mauv,small,13,Aulacomnium Moss Mauv small  $13,SHOP_46,TYPE_10
PRODUCT_631,Moffatt's Beardtongue,Aquamarine,medium,13,Moffatt's Beardtongue Aquamarine medium  $13,SHOP_46,TYPE_36
PRODUCT_768,Knapweed,Teal,large,16,Knapweed Teal large  $16,SHOP_460,TYPE_9
PRODUCT_257,White Edge Sedge,Khaki,small,11,White Edge Sedge Khaki small  $11,SHOP_460,TYPE_80
PRODUCT_812,White Fringed Orchid,Maroon,large,9,White Fringed Orchid Maroon large  $9,SHOP_461,TYPE_83
PRODUCT_273,Kodiak Keyflower,Yellow,large,9,Kodiak Keyflower Yellow large  $9,SHOP_461,TYPE_62
PRODUCT_722,Kopiko 'ula,Puce,small,11,Kopiko 'ula Puce small  $11,SHOP_462,TYPE_59
PRODUCT_13,White Meadowsweet,Yellow,small,8,White Meadowsweet Yellow small  $8,SHOP_462,TYPE_97
PRODUCT_63,White Mountain Lupine,Green,large,7,White Mountain Lupine Green large  $7,SHOP_463,TYPE_38
PRODUCT_449,Lace Lipfern,Indigo,medium,5,Lace Lipfern Indigo medium  $5,SHOP_463,TYPE_115
PRODUCT_673,Lady Of The Night Orchid,Maroon,small,13,Lady Of The Night Orchid Maroon small  $13,SHOP_464,TYPE_114
PRODUCT_353,White Mountain Lupine,Puce,small,11,White Mountain Lupine Puce small  $11,SHOP_464,TYPE_97
PRODUCT_989,Laguna Beach Liveforever,Purple,large,8,Laguna Beach Liveforever Purple large  $8,SHOP_465,TYPE_12
PRODUCT_124,White Poplar,Pink,large,8,White Poplar Pink large  $8,SHOP_465,TYPE_103
PRODUCT_700,Lake Tahoe Draba,Teal,large,9,Lake Tahoe Draba Teal large  $9,SHOP_466,TYPE_83
PRODUCT_307,White Prairie Aster,Turquoise,medium,9,White Prairie Aster Turquoise medium  $9,SHOP_466,TYPE_24
PRODUCT_407,Whiteflower Goldenbush,Maroon,small,5,Whiteflower Goldenbush Maroon small  $5,SHOP_467,TYPE_37
PRODUCT_230,Lallemantia,Violet,large,6,Lallemantia Violet large  $6,SHOP_467,TYPE_109
PRODUCT_788,Whitehead Mule-ears,Indigo,large,8,Whitehead Mule-ears Indigo large  $8,SHOP_468,TYPE_111
PRODUCT_787,Lamb Succory,Goldenrod,small,7,Lamb Succory Goldenrod small  $7,SHOP_468,TYPE_112
PRODUCT_596,Land Grass,Orange,large,6,Land Grass Orange large  $6,SHOP_469,TYPE_76
PRODUCT_502,Whitewhorl Lupine,Indigo,small,5,Whitewhorl Lupine Indigo small  $5,SHOP_469,TYPE_55
PRODUCT_784,Moluccella,Goldenrod,small,8,Moluccella Goldenrod small  $8,SHOP_47,TYPE_115
PRODUCT_464,Australian Bur Grass,Crimson,medium,5,Australian Bur Grass Crimson medium  $5,SHOP_47,TYPE_98
PRODUCT_9,Wideleaf Dicranum Moss,Aquamarine,large,9,Wideleaf Dicranum Moss Aquamarine large  $9,SHOP_470,TYPE_111
PRODUCT_723,Largeflower Heartleaf,Red,small,11,Largeflower Heartleaf Red small  $11,SHOP_470,TYPE_58
PRODUCT_904,Largeleaf Cup Lichen,Aquamarine,small,12,Largeleaf Cup Lichen Aquamarine small  $12,SHOP_471,TYPE_105
PRODUCT_441,Widewing Springparsley,Turquoise,medium,9,Widewing Springparsley Turquoise medium  $9,SHOP_471,TYPE_123
PRODUCT_448,Larger Western Mountain Aster,Indigo,medium,11,Larger Western Mountain Aster Indigo medium  $11,SHOP_472,TYPE_116
PRODUCT_422,Wild Chives,Turquoise,small,12,Wild Chives Turquoise small  $12,SHOP_472,TYPE_20
PRODUCT_976,Wild Comfrey,Aquamarine,large,11,Wild Comfrey Aquamarine large  $11,SHOP_473,TYPE_26
PRODUCT_500,Laurer's Desmatodon Moss,Blue,medium,10,Laurer's Desmatodon Moss Blue medium  $10,SHOP_473,TYPE_57
PRODUCT_740,Lava Cyrtandra,Teal,medium,9,Lava Cyrtandra Teal medium  $9,SHOP_474,TYPE_39
PRODUCT_497,Wild Dilly,Goldenrod,large,10,Wild Dilly Goldenrod large  $10,SHOP_474,TYPE_62
PRODUCT_277,Leafcover Saltweed,Crimson,medium,10,Leafcover Saltweed Crimson medium  $10,SHOP_475,TYPE_58
PRODUCT_117,Wild Jute,Khaki,medium,5,Wild Jute Khaki medium  $5,SHOP_475,TYPE_111
PRODUCT_966,Wild Tamarind,Aquamarine,small,13,Wild Tamarind Aquamarine small  $13,SHOP_476,TYPE_37
PRODUCT_881,Leafystem Orchid,Pink,medium,8,Leafystem Orchid Pink medium  $8,SHOP_476,TYPE_7
PRODUCT_861,Wildrye,Maroon,large,10,Wildrye Maroon large  $10,SHOP_477,TYPE_29
PRODUCT_783,Least Navarretia,Green,medium,13,Least Navarretia Green medium  $13,SHOP_477,TYPE_116
PRODUCT_896,Least Willow,Puce,small,9,Least Willow Puce small  $9,SHOP_478,TYPE_115
PRODUCT_526,Wolf's Willow,Blue,small,7,Wolf's Willow Blue small  $7,SHOP_478,TYPE_29
PRODUCT_458,Woodland Flax,Teal,small,11,Woodland Flax Teal small  $11,SHOP_479,TYPE_105
PRODUCT_339,Lecidea Lichen,Puce,large,11,Lecidea Lichen Puce large  $11,SHOP_479,TYPE_113
PRODUCT_321,Australian Sundew,Crimson,medium,9,Australian Sundew Crimson medium  $9,SHOP_48,TYPE_8
PRODUCT_267,Monte Torrecilla Thoroughwort,Orange,medium,4,Monte Torrecilla Thoroughwort Orange medium  $4,SHOP_48,TYPE_69
PRODUCT_813,Lecidea Lichen,Purple,medium,18,Lecidea Lichen Purple medium  $18,SHOP_480,TYPE_82
PRODUCT_173,Woolly Cinquefoil,Red,large,9,Woolly Cinquefoil Red large  $9,SHOP_480,TYPE_49
PRODUCT_725,Leciophysma Lichen,Green,small,17,Leciophysma Lichen Green small  $17,SHOP_481,TYPE_56
PRODUCT_408,Woolly Maidenhair,Crimson,small,5,Woolly Maidenhair Crimson small  $5,SHOP_481,TYPE_36
PRODUCT_565,Lehua,Turquoise,small,15,Lehua Turquoise small  $15,SHOP_482,TYPE_110
PRODUCT_345,Woolly Senna,Crimson,large,7,Woolly Senna Crimson large  $7,SHOP_482,TYPE_106
PRODUCT_659,Woolly Sunflower,Aquamarine,small,11,Woolly Sunflower Aquamarine small  $11,SHOP_483,TYPE_6
PRODUCT_42,Lemieux's Rush,Fuscia,small,9,Lemieux's Rush Fuscia small  $9,SHOP_483,TYPE_23
PRODUCT_887,Wright's Viburnum,Crimson,small,6,Wright's Viburnum Crimson small  $6,SHOP_484,TYPE_1
PRODUCT_726,Lemmon's Linanthus,Green,medium,16,Lemmon's Linanthus Green medium  $16,SHOP_484,TYPE_55
PRODUCT_919,Wright's Yellowshow,Aquamarine,medium,9,Wright's Yellowshow Aquamarine medium  $9,SHOP_485,TYPE_89
PRODUCT_827,Leproloma Lichen,Crimson,medium,8,Leproloma Lichen Crimson medium  $8,SHOP_485,TYPE_67
PRODUCT_944,Leucodon Moss,Crimson,large,6,Leucodon Moss Crimson large  $6,SHOP_486,TYPE_61
PRODUCT_769,Ye Gu,Purple,medium,13,Ye Gu Purple medium  $13,SHOP_486,TYPE_8
PRODUCT_595,Leucospora,Crimson,large,9,Leucospora Crimson large  $9,SHOP_487,TYPE_77
PRODUCT_410,Yellow Birch,Khaki,small,11,Yellow Birch Khaki small  $11,SHOP_487,TYPE_33
PRODUCT_472,Yellow Bugle,Aquamarine,small,8,Yellow Bugle Aquamarine small  $8,SHOP_488,TYPE_89
PRODUCT_309,Limoncillo De Monte,Orange,medium,8,Limoncillo De Monte Orange medium  $8,SHOP_488,TYPE_22
PRODUCT_882,Yellow Hatpins,Goldenrod,medium,11,Yellow Hatpins Goldenrod medium  $11,SHOP_489,TYPE_6
PRODUCT_736,Lindsaeosoria,Mauv,large,13,Lindsaeosoria Mauv large  $13,SHOP_489,TYPE_44
PRODUCT_945,Mosquin's Clarkia,Blue,medium,13,Mosquin's Clarkia Blue medium  $13,SHOP_49,TYPE_60
PRODUCT_653,Babybonnets,Khaki,large,6,Babybonnets Khaki large  $6,SHOP_49,TYPE_12
PRODUCT_454,Lithophila,Turquoise,medium,9,Lithophila Turquoise medium  $9,SHOP_490,TYPE_109
PRODUCT_205,Yellow Hawkweed,Fuscia,medium,11,Yellow Hawkweed Fuscia medium  $11,SHOP_490,TYPE_13
PRODUCT_670,Yellow Hedgehyssop,Maroon,medium,9,Yellow Hedgehyssop Maroon medium  $9,SHOP_491,TYPE_117
PRODUCT_552,Little Mountain Thimbleweed,Teal,medium,3,Little Mountain Thimbleweed Teal medium  $3,SHOP_491,TYPE_124
PRODUCT_878,Little Walnut,Teal,medium,11,Little Walnut Teal medium  $11,SHOP_492,TYPE_11
PRODUCT_547,Yellow Prickle,Teal,large,9,Yellow Prickle Teal large  $9,SHOP_492,TYPE_6
PRODUCT_425,Little Wiry Suncup,Purple,large,9,Little Wiry Suncup Purple large  $9,SHOP_493,TYPE_17
PRODUCT_16,Yellowcress,Pink,medium,8,Yellowcress Pink medium  $8,SHOP_493,TYPE_64
PRODUCT_862,Yellowhead,Violet,small,15,Yellowhead Violet small  $15,SHOP_494,TYPE_28
PRODUCT_244,Littleleaf Silverback,Puce,medium,9,Littleleaf Silverback Puce medium  $9,SHOP_494,TYPE_94
PRODUCT_94,Yellowwood,Khaki,large,11,Yellowwood Khaki large  $11,SHOP_495,TYPE_66
PRODUCT_164,Liverwort,Maroon,medium,11,Liverwort Maroon medium  $11,SHOP_495,TYPE_59
PRODUCT_643,Yellowwood,Puce,large,9,Yellowwood Puce large  $9,SHOP_496,TYPE_23
PRODUCT_618,Loblolly Bay,Maroon,large,13,Loblolly Bay Maroon large  $13,SHOP_496,TYPE_51
PRODUCT_399,Yerba De Cabra,Yellow,large,12,Yerba De Cabra Yellow large  $12,SHOP_497,TYPE_47
PRODUCT_317,Loblolly Pine,Fuscia,large,14,Loblolly Pine Fuscia large  $14,SHOP_497,TYPE_13
PRODUCT_864,Longbeak Buttercup,Blue,large,7,Longbeak Buttercup Blue large  $7,SHOP_498,TYPE_26
PRODUCT_554,Yerba De Jicotea,Puce,medium,8,Yerba De Jicotea Puce medium  $8,SHOP_498,TYPE_122
PRODUCT_34,Yerba De Plata,Indigo,large,10,Yerba De Plata Indigo large  $10,SHOP_499,TYPE_112
PRODUCT_28,Longdisk Sneezeweed,Fuscia,small,9,Longdisk Sneezeweed Fuscia small  $9,SHOP_499,TYPE_55
PRODUCT_560,Agroelymus,Teal,small,6,Agroelymus Teal small  $6,SHOP_5,TYPE_115
PRODUCT_417,Looseflower Bluegrass,Pink,small,12,Looseflower Bluegrass Pink small  $12,SHOP_5,TYPE_26
PRODUCT_539,Baccharis,Turquoise,medium,10,Baccharis Turquoise medium  $10,SHOP_50,TYPE_15
PRODUCT_492,Mottled Tuberose,Khaki,small,14,Mottled Tuberose Khaki small  $14,SHOP_50,TYPE_67
PRODUCT_677,Zarzabacoa Comun,Puce,small,10,Zarzabacoa Comun Puce small  $10,SHOP_500,TYPE_110
PRODUCT_406,Longleaf Arnica,Khaki,small,7,Longleaf Arnica Khaki small  $7,SHOP_500,TYPE_38
PRODUCT_657,Badlands Mule-ears,Purple,medium,12,Badlands Mule-ears Purple medium  $12,SHOP_51,TYPE_8
PRODUCT_216,Mountain Ash,Turquoise,small,9,Mountain Ash Turquoise small  $9,SHOP_51,TYPE_1
PRODUCT_602,Balansa Clover,Fuscia,medium,2,Balansa Clover Fuscia medium  $2,SHOP_52,TYPE_68
PRODUCT_15,Mountain Bellwort,Blue,medium,11,Mountain Bellwort Blue medium  $11,SHOP_52,TYPE_75
PRODUCT_860,Mountain Pepperweed,Blue,small,8,Mountain Pepperweed Blue small  $8,SHOP_53,TYPE_30
PRODUCT_249,Balloon Sack Clover,Crimson,large,8,Balloon Sack Clover Crimson large  $8,SHOP_53,TYPE_89
PRODUCT_829,Balloonpod Milkvetch,Pink,small,16,Balloonpod Milkvetch Pink small  $16,SHOP_54,TYPE_65
PRODUCT_794,Mountain Pepperweed,Violet,medium,15,Mountain Pepperweed Violet medium  $15,SHOP_54,TYPE_104
PRODUCT_405,Mountain Phyllostegia,Maroon,small,12,Mountain Phyllostegia Maroon small  $12,SHOP_55,TYPE_39
PRODUCT_161,Baltzell's Sedge,Aquamarine,medium,10,Baltzell's Sedge Aquamarine medium  $10,SHOP_55,TYPE_62
PRODUCT_66,Mountain Silverbell,Teal,medium,7,Mountain Silverbell Teal medium  $7,SHOP_56,TYPE_5
PRODUCT_651,Bamboo,Violet,medium,12,Bamboo Violet medium  $12,SHOP_56,TYPE_14
PRODUCT_99,Mt. Hood Pussypaws,Maroon,small,7,Mt. Hood Pussypaws Maroon small  $7,SHOP_57,TYPE_11
PRODUCT_955,Barnacle Lichen,Khaki,medium,14,Barnacle Lichen Khaki medium  $14,SHOP_57,TYPE_49
PRODUCT_322,Bartlett Daisy,Violet,small,8,Bartlett Daisy Violet small  $8,SHOP_58,TYPE_7
PRODUCT_274,Muhlenberg's Sedge,Pink,medium,11,Muhlenberg's Sedge Pink medium  $11,SHOP_58,TYPE_61
PRODUCT_778,Basin Saltbush,Yellow,small,4,Basin Saltbush Yellow small  $4,SHOP_59,TYPE_122
PRODUCT_622,Mule-ears,Blue,medium,11,Mule-ears Blue medium  $11,SHOP_59,TYPE_46
PRODUCT_859,Ahtiana Lichen,Indigo,medium,11,Ahtiana Lichen Indigo medium  $11,SHOP_6,TYPE_32
PRODUCT_535,Low Sandmat,Maroon,small,12,Low Sandmat Maroon small  $12,SHOP_6,TYPE_19
PRODUCT_697,Basindaisy,Purple,small,13,Basindaisy Purple small  $13,SHOP_60,TYPE_88
PRODUCT_209,Munz's Bedstraw,Pink,small,10,Munz's Bedstraw Pink small  $10,SHOP_60,TYPE_9
PRODUCT_701,Basket Of Gold,Maroon,large,4,Basket Of Gold Maroon large  $4,SHOP_61,TYPE_82
PRODUCT_365,Murdannia,Khaki,small,10,Murdannia Khaki small  $10,SHOP_61,TYPE_84
PRODUCT_845,Basketgrass,Goldenrod,small,7,Basketgrass Goldenrod small  $7,SHOP_62,TYPE_47
PRODUCT_19,Muttongrass,Fuscia,small,8,Muttongrass Fuscia small  $8,SHOP_62,TYPE_31
PRODUCT_646,Bauer's Anacolia Moss,Goldenrod,medium,14,Bauer's Anacolia Moss Goldenrod medium  $14,SHOP_63,TYPE_20
PRODUCT_50,Myall Acacia,Goldenrod,large,9,Myall Acacia Goldenrod large  $9,SHOP_63,TYPE_58
PRODUCT_781,Myers' Pincushionplant,Pink,small,14,Myers' Pincushionplant Pink small  $14,SHOP_64,TYPE_118
PRODUCT_398,Beaked Skeletonweed,Teal,large,9,Beaked Skeletonweed Teal large  $9,SHOP_64,TYPE_48
PRODUCT_996,Myrrh,Goldenrod,large,10,Myrrh Goldenrod large  $10,SHOP_65,TYPE_4
PRODUCT_359,Beard Lichen,Purple,large,7,Beard Lichen Purple large  $7,SHOP_65,TYPE_91
PRODUCT_356,Beautiful Woolly Sunflower,Yellow,large,6,Beautiful Woolly Sunflower Yellow large  $6,SHOP_66,TYPE_94
PRODUCT_341,Myrtle Spurge,Green,large,9,Myrtle Spurge Green large  $9,SHOP_66,TYPE_110
PRODUCT_520,Na'ena'e Pua Melemele,Yellow,large,9,Na'ena'e Pua Melemele Yellow large  $9,SHOP_67,TYPE_35
PRODUCT_350,Bebb Willow,Purple,large,10,Bebb Willow Purple large  $10,SHOP_67,TYPE_100
PRODUCT_703,Nakedstem Hawksbeard,Puce,medium,3,Nakedstem Hawksbeard Puce medium  $3,SHOP_68,TYPE_80
PRODUCT_336,Bejuco De Agua,Teal,large,15,Bejuco De Agua Teal large  $15,SHOP_68,TYPE_116
PRODUCT_995,Nakedstem Livingvase,Fuscia,small,9,Nakedstem Livingvase Fuscia small  $9,SHOP_69,TYPE_5
PRODUCT_62,Belonia Lichen,Orange,large,12,Belonia Lichen Orange large  $12,SHOP_69,TYPE_49
PRODUCT_607,Low Scleropodium Moss,Fuscia,large,14,Low Scleropodium Moss Fuscia large  $14,SHOP_7,TYPE_63
PRODUCT_41,Ale,Red,large,9,Ale Red large  $9,SHOP_7,TYPE_34
PRODUCT_710,Nakedstem Livingvase,Yellow,medium,12,Nakedstem Livingvase Yellow medium  $12,SHOP_70,TYPE_72
PRODUCT_368,Bengal Trumpet,Red,small,8,Bengal Trumpet Red small  $8,SHOP_70,TYPE_81
PRODUCT_414,Nandina,Goldenrod,medium,11,Nandina Goldenrod medium  $11,SHOP_71,TYPE_29
PRODUCT_295,Bering Chickweed,Yellow,small,11,Bering Chickweed Yellow small  $11,SHOP_71,TYPE_38
PRODUCT_811,Narrowleaf Onion,Violet,medium,10,Narrowleaf Onion Violet medium  $10,SHOP_72,TYPE_84
PRODUCT_210,Biatora Lichen,Orange,large,6,Biatora Lichen Orange large  $6,SHOP_72,TYPE_7
PRODUCT_325,Bigelow's Tobacco,Violet,medium,7,Bigelow's Tobacco Violet medium  $7,SHOP_73,TYPE_4
PRODUCT_119,Navassa Clearweed,Puce,large,9,Navassa Clearweed Puce large  $9,SHOP_73,TYPE_109
PRODUCT_960,Nebraska Sedge,Maroon,large,17,Nebraska Sedge Maroon large  $17,SHOP_74,TYPE_43
PRODUCT_149,Bigtooth Aspen,Puce,large,17,Bigtooth Aspen Puce large  $17,SHOP_74,TYPE_76
PRODUCT_545,Nerveray,Yellow,small,10,Nerveray Yellow small  $10,SHOP_75,TYPE_8
PRODUCT_30,Birdwing Passionflower,Crimson,medium,16,Birdwing Passionflower Crimson medium  $16,SHOP_75,TYPE_32
PRODUCT_580,Neststraw,Yellow,large,8,Neststraw Yellow large  $8,SHOP_76,TYPE_93
PRODUCT_103,Birdwing Passionflower,Yellow,large,16,Birdwing Passionflower Yellow large  $16,SHOP_76,TYPE_67
PRODUCT_728,New England Blazing Star,Orange,medium,8,New England Blazing Star Orange medium  $8,SHOP_77,TYPE_53
PRODUCT_460,Bitternut Hickory,Orange,small,18,Bitternut Hickory Orange small  $18,SHOP_77,TYPE_102
PRODUCT_593,Black Bristlegrass,Puce,small,10,Black Bristlegrass Puce small  $10,SHOP_78,TYPE_79
PRODUCT_18,New Mexico Muhly,Purple,small,11,New Mexico Muhly Purple small  $11,SHOP_78,TYPE_42
PRODUCT_73,New York Dewberry,Purple,small,12,New York Dewberry Purple small  $12,SHOP_79,TYPE_51
PRODUCT_278,Black Hellebore,Red,small,12,Black Hellebore Red small  $12,SHOP_79,TYPE_57
PRODUCT_821,Allantoparmelia Lichen,Green,small,10,Allantoparmelia Lichen Green small  $10,SHOP_8,TYPE_73
PRODUCT_188,Low Spearwort,Maroon,medium,11,Low Spearwort Maroon medium  $11,SHOP_8,TYPE_33
PRODUCT_846,Nieuwland's Blazing Star,Mauv,large,13,Nieuwland's Blazing Star Mauv large  $13,SHOP_80,TYPE_46
PRODUCT_616,Black She-oak,Pink,small,7,Black She-oak Pink small  $7,SHOP_80,TYPE_53
PRODUCT_715,Black Vetch,Crimson,small,7,Black Vetch Crimson small  $7,SHOP_81,TYPE_67
PRODUCT_29,Nightshade,Khaki,small,12,Nightshade Khaki small  $12,SHOP_81,TYPE_44
PRODUCT_754,Blackcurly Lichen,Puce,large,13,Blackcurly Lichen Puce large  $13,SHOP_82,TYPE_24
PRODUCT_435,Nodding Beggartick,Teal,large,8,Nodding Beggartick Teal large  $8,SHOP_82,TYPE_6
PRODUCT_849,Blackeyed Susan,Puce,small,14,Blackeyed Susan Puce small  $14,SHOP_83,TYPE_43
PRODUCT_674,Nodding Clubmoss,Violet,large,13,Nodding Clubmoss Violet large  $13,SHOP_83,TYPE_113
PRODUCT_894,Bladder Pod,Turquoise,small,10,Bladder Pod Turquoise small  $10,SHOP_84,TYPE_117
PRODUCT_532,Northern Bog Bedstraw,Maroon,large,8,Northern Bog Bedstraw Maroon large  $8,SHOP_84,TYPE_22
PRODUCT_917,Bladdersage,Aquamarine,medium,9,Bladdersage Aquamarine medium  $9,SHOP_85,TYPE_91
PRODUCT_611,Norwegian Cinquefoil,Aquamarine,large,9,Norwegian Cinquefoil Aquamarine large  $9,SHOP_85,TYPE_58
PRODUCT_993,Blue Crowngrass,Turquoise,medium,7,Blue Crowngrass Turquoise medium  $7,SHOP_86,TYPE_7
PRODUCT_413,Oblongleaf Basindaisy,Violet,small,10,Oblongleaf Basindaisy Violet small  $10,SHOP_86,TYPE_30
PRODUCT_738,Obtuseleaf Scleropodium Moss,Violet,medium,10,Obtuseleaf Scleropodium Moss Violet medium  $10,SHOP_87,TYPE_42
PRODUCT_71,Blue Mountain Milkvetch,Indigo,large,8,Blue Mountain Milkvetch Indigo large  $8,SHOP_87,TYPE_73
PRODUCT_949,Oceanblue Phacelia,Orange,medium,11,Oceanblue Phacelia Orange medium  $11,SHOP_88,TYPE_56
PRODUCT_421,Bluejoint,Khaki,small,13,Bluejoint Khaki small  $13,SHOP_88,TYPE_21
PRODUCT_598,oha Wai Nui,Crimson,small,8,oha Wai Nui Crimson small  $8,SHOP_89,TYPE_74
PRODUCT_5,Bodin's Milkvetch,Crimson,large,7,Bodin's Milkvetch Crimson large  $7,SHOP_89,TYPE_59
PRODUCT_943,Low Spikesedge,Orange,large,14,Low Spikesedge Orange large  $14,SHOP_9,TYPE_62
PRODUCT_217,Allegheny Monkeyflower,Indigo,small,10,Allegheny Monkeyflower Indigo small  $10,SHOP_9,TYPE_124
PRODUCT_832,Bog Anemone,Fuscia,large,18,Bog Anemone Fuscia large  $18,SHOP_90,TYPE_61
PRODUCT_699,Ohio Buckeye,Goldenrod,large,8,Ohio Buckeye Goldenrod large  $8,SHOP_90,TYPE_86
PRODUCT_403,Bog Orchid,Mauv,small,17,Bog Orchid Mauv small  $17,SHOP_91,TYPE_41
PRODUCT_179,Ohlone Manzanita,Pink,large,7,Ohlone Manzanita Pink large  $7,SHOP_91,TYPE_43
PRODUCT_444,Oil Shale Columbine,Red,large,8,Oil Shale Columbine Red large  $8,SHOP_92,TYPE_120
PRODUCT_315,Boje,Khaki,large,7,Boje Khaki large  $7,SHOP_92,TYPE_15
PRODUCT_527,Bolivian Burhead,Orange,small,8,Bolivian Burhead Orange small  $8,SHOP_93,TYPE_28
PRODUCT_32,Okanogan Fameflower,Orange,small,13,Okanogan Fameflower Orange small  $13,SHOP_93,TYPE_10
PRODUCT_470,Old Wood Rimmed Lichen,Red,large,11,Old Wood Rimmed Lichen Red large  $11,SHOP_94,TYPE_91
PRODUCT_204,Booth's Evening Primrose,Puce,small,6,Booth's Evening Primrose Puce small  $6,SHOP_94,TYPE_14
PRODUCT_970,Boott's Sedge,Maroon,medium,4,Boott's Sedge Maroon medium  $4,SHOP_95,TYPE_32
PRODUCT_247,Oldstem Idahoa,Indigo,small,8,Oldstem Idahoa Indigo small  $8,SHOP_95,TYPE_91
PRODUCT_489,Boreal Locoweed,Aquamarine,medium,8,Boreal Locoweed Aquamarine medium  $8,SHOP_96,TYPE_71
PRODUCT_327,Olympic Saxifrage,Turquoise,small,10,Olympic Saxifrage Turquoise small  $10,SHOP_96,TYPE_2
PRODUCT_88,Brachelyma Moss,Fuscia,small,13,Brachelyma Moss Fuscia small  $13,SHOP_97,TYPE_9
PRODUCT_349,Oncosiphon,Green,large,15,Oncosiphon Green large  $15,SHOP_97,TYPE_102
PRODUCT_757,Brachythecium Moss,Blue,medium,7,Brachythecium Moss Blue medium  $7,SHOP_98,TYPE_21
PRODUCT_181,Oneflower Beaksedge,Blue,medium,12,Oneflower Beaksedge Blue medium  $12,SHOP_98,TYPE_40
PRODUCT_289,Brachythecium Moss,Crimson,small,8,Brachythecium Moss Crimson small  $8,SHOP_99,TYPE_45
PRODUCT_237,Onehead Brittlebush,Violet,medium,12,Onehead Brittlebush Violet medium  $12,SHOP_99,TYPE_102